undiurnally,2
diurnally,undiurnal,undiurnally
2,2,0
interwish,0
interwish
0
nonhemophilic,0
nonhemophilic
0
taxeopodous,0
taxeopodous
0
tenorite,0
tenorite
0
unthinned,0
unthinned
0
seamster,1
beamster,seamster,seamsters,teamster
1,0,1,1
plasmoma,1
plasmoma
0
benzaldehyde,1
benzaldehyde
0
snuffish,2
gruffish,huffish,muffish,scumfish,sniffish,snubbish,snuffier,snuffiest,snuffily,snuffing,snuffish,snuffs,snuggish,spoffish,staffish,stiffish,studfish,sunfish,surffish
2,2,2,2,1,2,2,2,2,2,0,2,2,2,2,2,2,2,2
extern,0
extern
0
ways,1
aways,ays,bays,cays,days,fays,gays,hays,jays,kays,lays,mays,nays,pays,rays,says,sways,wabs,wacs,wads,waes,wags,wans,waps,wars,was,wats,waws,way,way's,ways,weys,whys
1,1,1,1,1,1,1,1,1,1,1,1,1,1,1,1,1,1,1,1,1,1,1,1,1,1,1,1,1,1,0,1,1
perfectionists,2
perfectionism,perfectionist,perfectionist's,perfectionistic,perfectionists
2,1,1,2,0
lewth,2
beath,beeth,berth,beth,bewith,blowth,crwth,death,depth,derth,eath,erth,eth,ewte,ferth,heath,heth,hewgh,hewt,laith,lath,leach,leash,leat,leath,lech,lect,lecthi,lecyth,leech,leet,leets,left,lefts,lefty,lench,length,lent,lenth,lento,lepta,lest,leste,let,letch,lete,lethe,lethy,leto,lets,lett,leuch,lew,lewd,lewis,lewth,lewty,lgth,lith,loath,loth,lowth,meath,meeth,meith,meth,mowth,neath,neth,newt,newts,plewch,plewgh,rowth,seth,sleuth,slewth,teeth,tenth,teth,yerth,yeth
2,2,2,2,2,2,2,2,2,2,2,2,2,2,2,2,2,2,2,2,2,2,2,2,1,2,2,2,2,2,2,2,2,2,2,2,2,2,1,2,2,2,2,2,2,2,2,2,2,2,2,2,2,2,2,0,1,2,2,2,2,1,2,2,2,2,2,2,2,2,2,2,2,2,2,2,1,2,2,2,2,2
nonfulfillment,1
nonfulfillment
0
birettas,0
birettas
0
monarchomachist,0
monarchomachist
0
filmier,1
filmer,filmier
1,0
escaloping,0
escaloping
0
anticonvulsant,1
anticonvulsant
0
cdg,2
'd,actg,ad,adc,add,ade,adj,adm,ado,adp,ads,adv,ady,adz,ag,alg,arg,asg,aug,avg,bag,bcd,bd,bde,bdl,bds,beg,bg,big,bkg,bldg,bog,bug,c,c's,c/d,c/f,c/m,c/o,ca,ca',cab,cad,cade,cadge,cadgy,cadi,cads,cady,caf,cag,cage,cagy,cai,cal,cam,can,cap,car,cat,cav,caw,cay,cb,cc,ccm,ccw,cd,cdf,cdg,cdr,ce,cede,cedi,cee,cen,cep,cf,cfd,cfh,cfi,cfm,cfs,cg,cgm,cgs,ch,cha,che,chg,chi,chm,chn,cho,chs,chug,cia,cid,cie,cif,cig,cir,cis,cit,civ,ck,ckw,cl,clag,cleg,cli,clk,clo,clog,clr,cly,cm,cmd,cmdg,cmdr,cml,co,cob,cod,coda,code,codo,cods,coe,cog,cogs,col,com,comdg,con,cong,coo,cop,cor,cos,cot,cow,cox,coy,coz,cp,cpd,cpi,cpl,cpm,cpo,cps,cpt,cpu,cq,cr,crag,crc,cre,crig,crl,cro,crs,cru,cry,cs,csc,csi,csk,csp,cst,csw,ct,cte,ctf,ctg,ctge,ctn,cto,ctr,cts,cu,cub,cud,cuda,cuds,cue,cuj,cul,cum,cun,cup,cur,cut,cv,cwm,cwo,cwt,cy,cyc,cyl,cyp,d,d',da,dag,db,dc,dd,ddt,de,deg,dg,di,dig,dj,dk,dkg,dl,dm,dn,do,dog,dp,dr,ds,dt,du,dug,dx,dy,dz,ed,edge,edgy,edh,edp,eds,eg,egg,eng,erg,evg,fag,fg,fig,fog,fug,g,gag,gcd,gd,gds,gig,gog,hag,hd,hg,hog,hug,id,ide,ido,ids,ing,jag,jeg,jg,jig,jog,jug,keg,kg,lag,lcd,ld,ldg,leg,lg,lig,lndg,log,lug,mag,mcg,md,meg,mfg,mg,mhg,mig,mog,mpg,msg,mtg,mug,myg,nag,nbg,nd,neg,ng,nig,nog,od,oda,odd,ode,ods,og,org,pd,pdl,pdn,pdq,peg,pfg,pg,pig,pkg,ptg,pug,rag,rcd,rd,reg,rg,rig,rog,rug,sag,scag,scog,scug,sd,sds,seg,sg,sig,sog,stg,tag,tdr,teg,tg,tig,tng,tog,tug,tyg,udo,uds,ug,ung,vag,vd,veg,vg,vog,vug,wag,wd,wg,wig,wog,xd,yd,yds,yug,zag,zig
2,2,2,2,2,2,2,2,2,2,2,2,2,2,2,2,2,2,2,2,2,2,2,2,2,2,2,2,2,2,2,2,2,2,2,2,2,2,2,2,2,2,2,2,2,2,2,2,2,2,1,2,2,2,2,2,2,2,2,2,2,2,2,2,2,2,2,1,1,0,1,2,2,2,2,2,2,2,2,2,2,2,2,1,2,2,2,2,2,1,2,2,2,2,2,2,2,2,2,2,1,2,2,2,2,2,2,2,2,2,2,2,2,2,2,2,2,2,1,2,2,2,2,2,2,2,2,2,2,1,2,2,2,2,2,2,2,2,2,2,2,2,2,2,2,2,2,2,2,2,2,2,2,2,2,2,2,2,2,2,2,2,2,2,2,2,2,2,2,2,2,2,2,2,2,1,2,2,2,2,2,2,2,2,2,2,2,2,2,2,2,2,2,2,2,2,2,2,2,2,2,2,2,2,2,2,2,2,2,2,2,2,1,2,2,2,2,2,2,2,2,2,2,2,2,2,2,2,2,2,2,2,2,2,2,2,2,2,2,2,2,2,2,2,2,2,2,2,2,2,2,2,2,2,2,2,2,2,2,2,2,2,2,2,2,2,2,2,2,2,2,2,2,2,2,2,1,2,2,2,2,2,2,2,2,2,2,2,2,2,2,2,2,2,2,2,2,2,2,2,2,2,2,2,2,2,2,2,2,2,2,2,2,2,2,2,2,2,2,2,2,2,2,2,2,2,2,2,2,2,2,2,2,2,2,2,2,2,2,2,2,2,2,2,2,2,2,2,2,2,2,2,2,2,2,2,2,2,2,2,2,2,2,2,2,2,2,2,2,2,2
flench,2
bench,blanch,bleach,blench,cleach,cleech,clench,cletch,cleuch,clinch,clunch,drench,elench,elenchi,faence,faunch,fence,fetch,finch,flanch,flanche,flaunch,fleche,fleck,flect,fleece,fleech,fleecy,flench,flenched,flenches,flense,flesh,fletch,flinch,flitch,fluence,fluency,flysch,french,glunch,kench,lanch,leach,lech,leech,lench,lenth,letch,leuch,linch,lunch,lynch,planch,pleach,plewch,quench,sleech,stench,tench,trench,wench,wlench,wrench
2,2,2,1,2,2,1,2,2,2,2,2,1,2,2,2,2,2,2,1,2,2,2,2,2,2,1,2,0,2,2,2,2,1,1,2,2,2,2,1,2,2,2,2,2,2,1,2,2,2,2,2,2,2,2,2,2,2,2,2,2,2,1,2
rootle,0
rootle
0
prelaticalness,1
prelaticalness
0
gospelize,2
gospelist,gospelize,gospellike
2,0,2
unclamorously,2
clamorously,nonclamorously,unamorously,unclamorous,unclamorously,unglamorously,unglamourously
2,2,2,2,0,1,2
ovenman,0
ovenman
0
ostreger,1
ostreger
0
gravitationally,2
gravitational,gravitationally
2,0
daggers,1
aggers,baggers,dagger,daggers,dangers,diggers,doggers,draggers,gaggers,jaggers,laggers,naggers,saggers,taggers,waggers
1,1,1,0,1,1,1,1,1,1,1,1,1,1,1
ninnyism,2
ninnyish,ninnyism
1,0
epoch,1
enoch,epoch,epocha,epoche,epochs
1,0,1,1,1
morphonemic,2
morphemic,morphogenic,morphoneme,morphonemic,morphonemics,morphonomic,morphotonemic,nonphonemic
2,2,2,0,1,1,2,2
footfarer,0
footfarer
0
byeman,0
byeman
0
overskeptticism,0
overskeptticism
0
disarticulating,1
disarticulating,misarticulating
0,1
kimigayo,2
kimigayo
0
lardier,1
bardier,hardier,larder,lardier,lardiner,larkier,larmier,tardier
1,1,1,0,1,1,1,1
hemimetamorphous,0
hemimetamorphous
0
sav,1
av,cav,hav,lav,nav,pav,sa,saa,sab,sac,sad,sae,sag,sah,sai,saj,sal,sam,san,sao,sap,sar,sat,sau,sav,save,saw,sax,say,slav,sov,sv,tav,vav
1,1,1,1,1,1,1,1,1,1,1,1,1,1,1,1,1,1,1,1,1,1,1,1,0,1,1,1,1,1,1,1,1,1
matrons,1
macrons,marrons,matron,matrons,matross,natrons,patrons
1,1,1,0,1,1,1
swadder,2
adder,awarder,badder,bladder,dadder,gadder,gladder,hadder,jadder,kadder,ladder,madder,nadder,padder,sadden,sadder,saddler,sander,sawder,scalder,scudder,shader,shadier,shalder,shedder,shudder,sidder,skidder,slander,sledder,slidder,slodder,sludder,smudder,spader,spadger,spalder,spudder,squadder,stader,staider,stalder,stander,studder,sudder,swabber,swadder,swaddle,swaddled,swaddler,swaddles,swaddy,swager,swagger,swaler,swamper,swanker,swanner,swapper,swarded,swarfer,swarmer,swasher,swather,swatter,swaver,swayer,swedger,swidden,sworder,twaddler,wadded,wadder,wadders,waddler,wader,wander,warder,wedder,widder
2,2,2,2,2,2,2,2,2,2,2,2,2,2,2,1,2,2,2,2,2,2,2,2,2,2,2,2,2,2,2,2,2,2,2,2,2,2,2,2,2,2,2,2,2,2,0,2,2,1,2,2,2,2,2,2,2,2,2,2,2,2,2,2,2,2,2,2,2,2,2,2,1,2,2,2,2,2,2,2
spookiest,2
brookiest,hookiest,kookiest,nookiest,pockiest,pokiest,porkiest,rookiest,smokiest,snoopiest,snootiest,snooziest,sootiest,sparkiest,speckiest,spikiest,spongiest,spookier,spookies,spookiest,spookiness,spookish,spookism,spookist,spoonies,spooniest,sportiest,spottiest,spunkiest,stockiest
2,2,2,2,2,2,2,2,2,2,2,2,2,2,2,2,2,2,1,0,2,2,2,1,2,1,2,2,2,2
oariocele,0
oariocele
0
expedientist,0
expedientist
0
brotula,2
braula,brotel,brotula,brotulid,cotula,rotula,rotulad,rotular
2,2,0,2,2,1,2,2
arthroempyesis,0
arthroempyesis
0
philomythic,0
philomythic
0
following,2
allowing,bellowing,billowing,bolloxing,coplowing,fallowing,fellowing,flowing,folioing,following,followingly,followings,follying,hallowing,holloaing,holloing,hollooing,hollowing,lolloping,mellowing,pillowing,sallowing,tallowing,unfollowing,wallowing,willowing,yellowing
2,2,2,2,2,1,1,2,2,0,2,1,2,2,2,2,2,1,2,2,2,2,2,2,2,2,2
disincorporate,2
discorporate,disincorporate,disincorporated
2,0,1
nonsensical,1
nonsensical
0
chasten,1
casten,chaste,chasten,chastens,chaster,hasten
1,1,0,1,1,1
titillator,2
distillator,titillate,titillated,titillater,titillates,titillation,titillator,titillatory,titivator
2,2,2,1,2,2,0,1,2
kodakist,0
kodakist
0
overdrapery,1
overdrapery
0
trigonal,2
digonal,ditrigonal,epigonal,original,orignal,perigonal,riginal,triagonal,tribunal,trifocal,trigintal,trigon,trigona,trigonal,trigonally,trigone,trigonic,trigonid,trigonon,trigons,trigonum,trihoral,trilobal,trimodal,trinal,trinodal,trional,tripodal,tritonal,tritoral,triunal,trizomal,trizonal
2,2,2,2,2,2,2,1,2,2,2,2,1,0,2,2,2,2,2,2,2,2,2,2,2,2,1,2,1,2,2,2,1
apodyterium,2
apodyteria,apodyterium
2,0
disingenuous,2
disingenious,disingenuous,disingenuously
1,0,2
meads,0
meads
0
bunger,2
anger,auger,aunter,badger,bagger,bander,bange,banged,banger,bangers,banker,banner,banter,barger,begger,bender,berger,bhunder,bigger,binder,binge,bingee,binges,bingey,blinger,bludger,blunder,blunge,blunged,blunger,blungers,blunges,blunker,blunter,bodger,bonder,boner,bongar,bonged,bonier,bonser,bonzer,booger,bouncer,bounder,brager,bringer,bubber,bucker,budder,budge,budged,budger,budgero,budgers,budges,budget,buffer,bugged,bugger,buggers,buggery,buggier,bugler,bulder,bulgar,bulge,bulged,bulger,bulgers,bulges,bulgier,bulgur,bulker,buller,bulter,bummer,bumper,bunce,buncher,bunder,bundler,bung,bunged,bungee,bunger,bungerly,bungey,bungfu,bungle,bungled,bungler,bunglers,bungles,bungo,bungos,bungs,bungy,bunked,bunker,bunkers,bunkery,bunsen,bunted,bunter,bunters,burge,burgee,burger,burgers,burgher,burier,burker,burler,burner,burrer,busher,busier,busker,busser,buster,butler,butter,buyer,buzzer,conger,cunjer,cunner,danger,dinger,dunder,dunged,dunger,dungier,dunker,dunner,dunter,fanger,finger,fudger,funder,funge,funker,ganger,ginger,gunge,gunner,gunter,hanger,hinger,huger,hugger,hunder,hungar,hunger,hungers,hunker,hunner,hunter,judger,juger,jugger,junker,lenger,linger,longer,lounger,luger,lugger,lunge,lunged,lungee,lunger,lungers,lunges,lunier,lunker,manger,monger,mugger,munge,munger,mungey,nanger,nudger,pinger,plunger,pugger,pungar,punger,pungey,punier,punker,punner,punter,purger,ranger,ringer,rugger,runer,runner,sanger,singer,songer,sunder,sungar,surger,tanger,tinger,tonger,tugger,tunder,tuner,tunner,under,ungear,unget,urger,venger,wanger,winger,wungee,wunner,younger,yunker,zinger
2,2,2,2,2,2,2,2,1,2,2,2,2,2,2,2,2,2,2,2,2,2,2,2,2,2,2,2,2,1,2,2,2,2,2,2,2,2,2,2,2,2,2,2,2,2,2,2,2,2,2,2,1,2,2,2,2,2,2,1,2,2,2,2,2,2,2,2,1,2,2,2,2,2,2,2,2,2,2,2,1,2,2,1,1,0,2,1,2,2,2,1,2,2,2,2,2,2,2,1,2,2,2,2,1,2,2,2,1,2,2,2,2,2,2,2,2,2,2,2,2,2,2,2,2,2,2,2,2,2,2,2,1,2,2,2,2,2,2,2,2,2,2,2,2,2,2,2,2,2,2,2,2,2,1,2,2,2,2,2,2,2,2,2,2,2,2,2,2,2,2,2,1,2,2,2,2,2,2,2,2,1,2,2,2,2,2,2,2,1,2,2,2,2,2,2,2,2,2,2,2,2,2,2,2,2,2,2,2,2,2,2,2,2,2,2,2,2,2,2,2,2,2,2,2,2
woodcuts,0
woodcuts
0
rebillet,2
billet,feuillet,oeillet,oreillet,prebilled,reballot,rebelled,rebeller,rebill,rebilled,rebillet,rebills,recollet,refilled,rillet,unbillet
2,2,2,2,2,2,2,2,2,1,0,2,2,2,2,2
unhutched,1
unhatched,unhitched,unhutched
1,1,0
bousoukia,2
bousouki,bousoukia,bousoukis,bouzouki,bouzoukia,bouzoukis
1,0,1,2,1,2
doctrinaire,2
doctrinable,doctrinaire,doctrinary,doctrinate,doctrinize,poitrinaire
2,0,2,2,2,2
tunbellied,1
tunbellied
0
misbilling,0
misbilling
0
mestizas,1
mestiza,mestizas,mestizos
1,0,1
econometrics,2
econometric,econometrical,econometrics,econometrist,iconometric
1,2,0,2,2
programed,2
pogromed,pregraded,prograde,program,program's,programed,programer,programers,programma,programme,programmed,programmer,programmes,programs,progravid,prorated
2,2,2,2,2,0,1,2,2,2,1,2,2,2,2,2
volume's,2
columels,column's,evolute's,volume,volume's,volumed,volumen,volumes,volutes
2,2,2,2,0,2,2,1,2
upmast,2
apast,appast,demast,durmast,mast,past,remast,topmast,umest,umist,uncast,unfast,unmask,unmast,unmist,upas,upblast,upbrast,upcast,upcasts,upcoast,updart,upeat,uphasp,upmast,upmost,uprest,uprist,upwaft,utmost
2,2,2,2,2,2,2,2,2,2,2,2,2,1,2,2,2,2,1,2,2,2,2,2,0,1,2,2,2,2
clodlet,1
clodlet,cloudlet
0,1
florigenic,1
florigenic
0
eremology,0
eremology
0
scoggin,2
boggin,coggie,cogging,hoggin,loggin,noggin,scoggan,scogger,scoggin,scogie,scroggie,shoggie,shogging,slogging,sogging,spongin,troggin
2,2,2,2,2,2,1,2,0,2,2,2,2,2,2,2,2
bevomit,0
bevomit
0
grassroots,1
grassroots
0
shydepoke,1
shydepoke
0
notchback,1
notchback
0
tableware,2
saleware,stableward,tablemate,tabletary,tableware,tablewise,toleware
2,2,2,2,0,2,2
bursula,1
bursula
0
moribundity,0
moribundity
0
coelanaglyphic,1
coelanaglyphic
0
swellfishes,1
shellfishes,swellfishes
1,0
injustice's,1
injustice's,injustices
0,1
kingwoods,0
kingwoods
0
catholicoi,0
catholicoi
0
bienvenue,1
bienvenu,bienvenue
1,0
nonsedentary,1
nonsedentary
0
acxoyatl,2
acxoyatl
0
semibifid,0
semibifid
0
defaulters,1
defaulter,defaulters
1,0
frowned,0
frowned
0
mingiest,1
dingiest,lingiest,mangiest,minciest,mingiest,mintiest,wingiest,zingiest
1,1,1,1,0,1,1,1
melodramatising,1
melodramatising
0
superloyally,2
superlocally,superloyal,superloyally,supermorally
1,2,0,2
carlines,2
acarines,airlines,alines,arsines,berlines,calcines,calices,caline,callings,canines,caplins,carabines,carbides,carbine,carbines,carbones,carcinus,cardines,cardings,caribes,carices,caries,carinas,carites,carles,carlie,carlin,carlina,carline,carlines,carling,carlings,carlino,carlins,carmine,carmines,carnies,carolinas,caroline,carolines,carpings,carries,carvings,catline,catlings,catlins,cauline,charlies,cholines,clines,curliness,curlings,cutlines,darlings,earliness,hairlines,harmines,jawlines,kaolines,malines,marines,marline,marlines,marlings,marlins,marlites,purlines,ratlines,salines,sardines,scarpines,tarlies,valines
2,2,2,2,2,2,2,2,2,2,2,2,2,2,1,2,2,1,2,2,2,2,2,2,2,2,2,2,1,0,2,1,2,1,2,1,2,2,2,1,2,2,2,2,2,2,2,2,2,2,2,2,2,2,2,2,2,2,2,2,2,2,1,2,2,2,2,2,2,2,2,2,2
monotron,1
monotron
0
backbeats,1
backbeat,backbeats,backseats
1,0,1
smit,0
smit
0
repitch,1
repatch,repitch
1,0
overgrainer,1
overgrainer
0
witereden,1
witereden
0
magnetochemistry,1
magnetochemistry
0
roseways,2
crossways,elseways,nosegays,raceways,roadways,rollways,ropeway,ropeways,rosebay,rosebays,roseways,routeways,someways
2,2,2,2,2,2,2,1,2,1,0,2,2
bleep,0
bleep
0
overpraised,2
overappraised,overbrained,overpained,overpassed,overpraise,overpraised,overpraises,overpraticed,overpriced,overprized,overpromised,overtrailed,overtrained
2,2,2,2,1,0,1,2,2,2,2,2,2
principi,1
principe,principi,principia
1,0,1
antisensuously,2
antisensuous,antisensuously
2,0
membranously,2
membranous,membranously
2,0
rapids,0
rapids
0
postscutellum,0
postscutellum
0
hypodermic,0
hypodermic
0
improvisation's,1
improvisation's,improvisations
0,1
naggiest,2
aggest,aggies,baggies,baggiest,boggiest,braggiest,buggiest,cagiest,craggiest,doggiest,draggiest,figgiest,flaggiest,foggiest,fuggiest,jaggiest,knaggiest,leggiest,loggiest,mangiest,muggiest,naggier,naggiest,naggish,nappiest,nastiest,nattiest,piggiest,puggiest,quaggiest,raggies,rangiest,saggiest,sagiest,shaggiest,slaggiest,snaggiest,soggiest,staggiest,tangiest
2,2,2,1,2,2,2,2,2,2,2,2,2,2,2,1,1,2,2,2,2,2,0,2,2,2,2,2,2,2,2,2,1,2,2,2,1,2,2,2
devolving,1
devolving,evolving,revolving
0,1,1
effluviate,0
effluviate
0
fraternalism,0
fraternalism
0
pseudomenstruation,0
pseudomenstruation
0
coystrel,0
coystrel
0
unempt,1
unempt,unempty,unkempt
0,1,1
sinistrorsally,2
sinistrorsal,sinistrorsally,sinistrorsely
2,0,2
categorist,0
categorist
0
revolutionizer,0
revolutionizer
0
murre,2
aurae,aurore,aurure,autre,barre,beurre,bourre,bugre,bure,burge,burke,burr,burred,burree,burrel,burrer,burro,burrs,burry,burse,curare,cure,curie,curr,curred,currie,currs,curry,curse,curve,dure,duree,durr,durra,durrie,durrs,durry,eucre,eure,fourre,furore,furred,furry,furze,guerre,gurge,gurle,gurr,gurry,harre,hure,hurr,hurrer,hurry,hutre,jurare,jure,lucre,lure,lurry,madre,maire,marae,mare,marge,marie,marred,marree,marrer,marry,marse,maugre,merce,mere,merge,merle,merry,merse,metre,mire,mitre,moire,moore,morae,more,morne,morra,morro,morse,mourne,mucro,mudde,mudee,mudra,muir,mule,mulse,mume,munge,mura,murage,mural,muras,murder,mure,mured,mures,murex,murga,murid,murine,murk,murker,murks,murky,murly,murr,murra,murrah,murral,murras,murray,murre,murres,murrey,murreys,murrha,murries,murrine,murrs,murry,murva,murza,muse,musie,mute,myrrh,nurry,nurse,ourie,outre,ouvre,pure,puree,purge,purr,purre,purred,purree,purrel,purrer,purrs,purry,purse,quare,querre,quire,smurr,smurry,sucre,sure,surge,surra,surrey,tarre,terre,turr,turrel,turret,turse,urare,urde,ure,urge,uvre,verre
2,2,2,2,2,2,2,2,2,2,2,2,2,2,2,2,2,2,2,2,2,2,2,2,2,2,2,2,2,2,2,2,2,2,2,2,2,2,2,2,2,2,2,2,2,2,2,2,2,2,2,2,2,2,2,2,2,2,2,2,2,2,2,2,2,2,2,2,2,2,2,2,2,2,2,2,2,2,2,2,2,2,2,2,2,2,2,2,2,2,2,2,2,2,2,2,2,2,2,2,2,2,2,2,1,2,2,2,2,2,2,2,2,2,2,2,1,1,2,2,2,2,0,1,1,2,2,2,2,1,1,2,2,2,2,2,2,2,2,2,2,2,2,2,2,2,1,2,2,2,2,2,2,2,2,2,2,2,2,2,2,2,2,2,2,2,2,2,2,2,2,2,2,2,2,2
stying,0
stying
0
workloads,0
workloads
0
unsearching,0
unsearching
0
ligases,1
ligase,ligases,ligates,lipases
1,0,1,1
hawkmoth,1
hawkmoth,hawkmoths
0,1
hallmark,1
hallmark,hallmarks
0,1
unqualified,2
qualified,requalified,unnullified,unqualified,unqualifiedly,unqualitied,unquantified,unrequalified
2,2,2,0,2,1,2,2
magnetizer,2
demagnetizer,magnetise,magnetised,magnetiser,magnetite,magnetize,magnetized,magnetizer,magnetizers,magnetizes
2,2,2,1,2,1,1,0,1,1
dacryocystotomy,1
dacryocystotome,dacryocystotomy
1,0
hydrosome,1
hydrosole,hydrosoma,hydrosome,hydrostome
1,1,0,1
basote,2
abote,apasote,azote,bahoe,balate,balete,ballote,bamoth,banate,barite,barmote,baroto,baryte,basale,basat,base,basiate,baske,basocyte,basoid,bason,basos,basote,basotho,basque,bassie,bast,basta,baste,basted,basten,baster,bastes,basti,bastite,basto,basts,basuto,bate,batete,bayete,bedote,benote,besot,besots,blote,bote,camote,capote,casate,caste,garote,haste,kapote,nasute,paste,pisote,sapote,taste,waste,zapote
2,2,2,2,2,2,2,2,2,2,2,2,2,2,2,2,2,2,2,2,2,2,0,2,2,2,2,2,1,2,2,2,2,2,2,2,2,2,2,2,2,2,2,2,2,2,2,2,2,2,2,2,2,2,2,2,2,2,2,2,2
informalize,1
informalize
0
overdeepen,1
overdeepen
0
echinuliform,1
echinuliform
0
unjustly,0
unjustly
0
penanceless,0
penanceless
0
zarebas,2
amebas,areas,arecas,arenas,barbas,zareba,zarebas,zareeba,zareebas,zariba,zaribas,zereba
2,2,2,2,2,1,0,2,1,2,1,2
bezetta,0
bezetta
0
upslip,1
unslip,upskip,upslip
1,1,0
hemometry,2
aerometry,anemometry,atmometry,fetometry,geometry,heliometry,hematometry,hemometer,hemometry,horometry,mecometry,osmometry,rheometry,thermometry
2,2,2,2,2,2,2,2,0,2,2,2,2,2
oversensibly,1
oversensible,oversensibly
1,0
furtherer,1
fartherer,furthered,furtherer,murtherer
1,1,0,1
dispraised,2
despraise,dispraise,dispraised,dispraiser,disprized,distrained,mispraise,misprised,misraised
2,1,0,1,2,2,2,2,2
counteragent,1
counteragent
0
blurriest,0
blurriest
0
serrana,0
serrana
0
cerebbella,2
cerebbella,cerebella,cerebellar,terebella
0,1,2,2
configuration's,2
configuration,configuration's,configurational,configurationism,configurationist,configurations,reconfiguration's
2,0,2,2,2,1,2
anaptyctical,2
anaptyctic,anaptyctical
2,0
pickfork,0
pickfork
0
tarradiddler,1
tarradiddle,tarradiddler
1,0
dismembered,0
dismembered
0
refinable,2
defiable,defilable,definable,definably,finable,prefixable,recitable,reclinable,redisable,reenable,referable,refillable,refinable,refinage,refinance,refundable,refusable,refutable,regainable,reliable,relivable,renable,retainable,revisable,revivable,rewirable,ruinable,unfinable
2,2,1,2,2,2,2,2,2,2,2,2,0,2,2,2,2,2,2,2,2,2,2,2,2,2,2,2
moves,1
coves,doves,loves,modes,mokes,moles,momes,mopes,mores,moses,motes,moues,move,moved,mover,movers,moves,movies,roves
1,1,1,1,1,1,1,1,1,1,1,1,1,1,1,1,0,1,1
nasty,1
hasty,lasty,masty,nast,nasty,natty,nesty,pasty,rasty,snasty,tasty,vasty,wasty
1,1,1,1,0,1,1,1,1,1,1,1,1
poised,0
poised
0
topmaul,1
topmaul
0
realienate,1
realienate,realienated
0,1
lichanos,2
lichanos,lichen's,lichenose,lichenous,lichens
0,2,2,2,2
rocketsonde,1
rocketsonde
0
battles,1
batties,battle,battled,battler,battlers,battles,battues,bottles,brattles,rattles,tattles,wattles
1,1,1,1,1,0,1,1,1,1,1,1
drogherman,0
drogherman
0
gymnast's,2
gymnast,gymnast's,gymnastic,gymnastics,gymnasts
2,0,2,2,1
ventripotency,1
ventripotence,ventripotency
1,0
undramatized,2
dramatized,unaromatized,undramatized
2,2,0
subcashier,2
subcashier
0
chateaubriand,0
chateaubriand
0
alephzero,1
alephzero
0
nightshirt,0
nightshirt
0
whiptree,1
whiptree
0
pholidosis,0
pholidosis
0
gaut,1
daut,faut,gaet,gait,galt,galut,gamut,gant,gast,gat,gau,gaub,gaud,gauk,gaul,gault,gaum,gaun,gaunt,gaup,gaur,gaus,gaut,ghaut,glut,gout,gut,haut,maut,naut,paut,saut,taut
1,1,1,1,1,1,1,1,1,1,1,1,1,1,1,1,1,1,1,1,1,1,0,1,1,1,1,1,1,1,1,1,1
ventrimeson,0
ventrimeson
0
cosponsors,0
cosponsors
0
stickable,2
kickable,pickable,shockable,sinkable,sliceable,spiceable,stackable,stalkable,stickable,stickage,stickle,stirrable,suckable
2,2,2,2,2,2,1,2,0,2,2,2,2
imprecated,0
imprecated
0
adjuring,2
abjuring,adducing,adhering,adjourning,adjudging,adjuring,adjusting,admiring,adoring,alluring,assuring,auguring,during,injuring,juring
1,2,2,2,2,0,2,2,2,2,2,2,2,2,2
iciest,0
iciest
0
cystidiums,0
cystidiums
0
shirks,1
chirks,sharks,shires,shirk,shirks,shirky,shirrs,shirts,smirks,stirks
1,1,1,1,0,1,1,1,1,1
covenants,2
coenacts,cosecants,cotenant,cotenants,covenance,covenant,covenant's,covenantal,covenanted,covenantee,covenanter,covenantor,covenants,revenants
2,2,2,1,2,1,1,2,2,2,2,2,0,2
tuberous,0
tuberous
0
francolite,1
francolite
0
pinproof,0
pinproof
0
lowan,1
cowan,gowan,iowan,liwan,loan,logan,lohan,loran,lotan,lowa,lowan,lowman,lown,powan,rowan,sowan,towan
1,1,1,1,1,1,1,1,1,1,0,1,1,1,1,1,1
brember,1
brember
0
gutsiest,0
gutsiest
0
microcycles,0
microcycles
0
aigre,1
agre,aigre,aigret,aire,maigre,nigre
1,0,1,1,1,1
stercorary,2
stercoral,stercorary,stercorate
2,0,2
mouse,1
bouse,douse,house,louse,meuse,moise,moose,morse,moue,moule,mouse,moused,mousee,mouser,mouses,mousey,mousle,mousme,mousse,mousy,mowse,muse,rouse,smouse,souse,touse,youse
1,1,1,1,1,1,1,1,1,1,0,1,1,1,1,1,1,1,1,1,1,1,1,1,1,1,1
codicology,2
caricology,codicology,coniology,toxicology
2,0,2,2
nonmigration,2
commigration,nonemigration,nonimmigration,nonmigrating,nonmigration,nonvibration
2,1,2,2,0,2
artistes,1
antistes,artist's,artiste,artistes,artistess,artists
1,1,1,0,1,1
besognier,0
besognier
0
mabyer,0
mabyer
0
furbelowing,1
furbelowing
0
ammines,1
amines,ammine,ammines,ammites
1,1,0,1
gorglin,2
corylin,gargling,gobelin,goblin,goggling,gorblin,gorgerin,gorgia,gorging,gorgio,gorglin,gorgon,gorgonin,gorlin,gorling,gurgling,norelin,torulin,yorlin
2,2,2,2,2,1,2,2,2,2,0,2,2,1,2,2,2,2,2
kolinsky,2
kolinski,kolinsky
1,0
redes,2
aedes,aides,andes,aretes,bed's,bede,bedel,bedels,beden,bedew,bedews,beds,bees,benes,betes,bides,bodes,brede,bredes,brees,breves,brides,cades,cede,ceded,cedens,ceder,ceders,cedes,cedis,cees,cepes,ceres,cetes,codes,credens,credos,crees,cremes,crepes,crudes,dees,dekes,deles,demes,denes,des,dexes,dredges,drees,dudes,edea,eden,edges,edhs,eds,ekes,emes,erodes,eses,eves,ewes,exes,eyes,fades,feces,feds,fees,femes,feres,fetes,fezes,fides,frees,freres,gades,gedds,geds,gees,genes,geodes,gledes,grades,grebes,grees,grides,gudes,hades,hede,heder,heders,hedges,hemes,heredes,heres,hexes,hides,ides,irades,irides,jades,jees,jefes,jetes,kedges,kexes,lades,lebes,lede,leden,ledges,leds,lees,leges,lenes,leudes,lodes,mede,medea,meres,metes,modes,nenes,neves,nides,nodes,nudes,odes,oreides,pedee,pedes,peds,pees,pekes,peles,penes,peres,preces,prees,preses,prexes,prides,prudes,races,rads,rages,rajes,rakes,rales,rapes,rases,rates,raves,raxes,razes,readds,reader,readers,readies,reads,reaks,reales,reals,reams,reaps,rears,reaves,rebbes,rebec,rebecs,rebed,rebeg,rebel,rebels,rebs,rebus,recedes,recess,recks,recodes,recs,red,redan,redans,redates,redd,redded,redden,reddens,redder,redders,reddest,reddles,redds,reddy,rede,redeal,redear,redears,redeck,reded,redeed,redeem,redeems,redefy,redely,redeny,redes,redeye,redeyes,redia,redias,redid,redig,redip,redips,redleg,redlegs,redly,redness,redo,redoes,redos,redox,redoxes,redress,redrew,redries,redry,reds,redub,reduces,redue,redug,redust,redux,redye,redyed,redyes,ree,reed,reed's,reeded,reeden,reeder,reeds,reef,reefs,reek,reeks,reel,reels,reem,reen,rees,reese,reesk,reest,reet,reeves,refed,refel,refels,refer,refers,refs,regel,reges,regest,reget,rehem,rehems,reifs,reins,reis,reives,rekey,rekeys,reles,relet,relets,relies,remen,remet,remex,rems,remus,rended,render,renders,rends,reneg,renes,renet,renew,renews,rentes,rents,repas,repeg,repel,repels,repen,repew,repps,reps,reree,res,resee,resees,reset,resets,resew,resews,resex,reshes,resides,restes,rests,rete,retem,retems,retest,reties,rets,reuses,reve,revel,revels,rever,revers,revest,revet,revets,revs,revues,rewed,reweds,rewet,rexen,rexes,rhedas,rhexes,rhodes,ribes,rices,ride,riden,rider,riders,rides,ridges,rids,ries,riles,rimes,ripes,rises,rites,rives,robes,rod's,rode,rodeo,rodeos,rods,roes,roles,ropes,roses,rotes,roues,roves,rubes,rudas,rudds,rude,ruder,rudest,rues,rules,runes,ruses,ryder,ryes,rykes,sades,seder,seders,sedges,sees,semes,seres,sexes,sides,sudes,suedes,swedes,teds,tees,teles,teres,tides,trades,trees,uredos,ureides,vedet,vees,vexes,wades,wede,wedel,wedels,wedges,weds,wees,wides,xeres,yede,yees,yeses,zeds,zees
1,2,2,2,2,2,2,2,2,2,2,2,2,2,2,2,2,2,1,2,2,2,2,2,2,2,2,2,1,2,2,2,2,2,2,2,2,2,2,2,2,2,2,2,2,2,2,2,2,2,2,2,2,2,2,2,2,2,2,2,2,2,2,2,2,2,2,2,2,2,2,2,2,2,2,2,2,2,2,2,2,2,2,2,2,2,2,2,2,2,2,2,2,2,2,2,2,2,2,2,2,2,2,2,2,2,2,2,2,2,2,2,2,2,2,2,2,2,2,2,2,2,2,2,2,2,2,2,2,2,1,2,2,2,2,2,2,2,2,2,2,2,2,2,2,2,2,2,2,2,2,2,2,2,2,2,2,2,2,2,2,2,2,2,2,2,2,2,2,2,2,2,2,2,2,2,2,2,2,2,2,2,2,2,2,2,2,2,2,2,2,2,2,1,2,1,2,2,2,2,1,2,2,2,2,2,2,0,2,2,2,2,2,2,2,2,2,2,2,2,2,1,1,2,2,2,2,2,2,1,2,2,2,2,2,2,2,2,1,2,2,2,2,2,2,2,2,2,2,2,2,2,2,2,1,2,2,2,2,2,2,2,2,2,2,2,2,1,2,2,2,2,2,2,2,2,2,2,1,2,2,2,2,2,2,2,2,2,2,2,2,2,1,2,2,2,2,2,2,2,2,2,2,2,2,2,2,2,2,2,2,2,2,2,2,2,2,2,2,2,2,2,2,2,2,2,2,2,2,2,2,2,2,2,2,2,2,2,2,2,1,2,2,2,2,2,2,2,2,2,1,2,2,2,2,2,2,2,2,2,2,2,2,2,2,2,2,2,2,2,2,2,2,2,2,2,2,2,2,2,2,2,2,2,2,2,2,2,2,2,2,2,2,2,2,2,2,2,2,2,2,2,2,2,2,2,2,2,2,2,2,2,2,2,2,2,2,2,2,2,2,2,2,2
impureness,1
impureness
0
matrimonii,1
matrimonii
0
thunderpump,2
thunderplump,thunderpump
1,0
dissyllabize,2
dissyllabic,dissyllabify,dissyllabise,dissyllabised,dissyllabism,dissyllabize,dissyllabized,dissyllable,disyllabize,disyllabized
2,2,1,2,2,0,1,2,1,2
beadiest,0
beadiest
0
cervisial,2
cerevisial,cervical,cervisia,cervisial,servitial
1,2,1,0,2
unobese,0
unobese
0
locksmithery,0
locksmithery
0
loblolly,0
loblolly
0
leatherboard,0
leatherboard
0
splenectomist,1
splenectomist
0
dubbers,0
dubbers
0
absurder,2
abjurer,abounder,absorber,absurd,absurder,absurdest,absurdly,absurds,absurdum,assurer,asunder,bourder
2,2,2,2,0,2,2,2,2,2,2,2
multisegmented,1
multisegmented
0
allures,1
alludes,allure,allured,allurer,allurers,allures
1,1,1,1,1,0
bleed,0
bleed
0
plappert,1
plappert
0
rheingold,0
rheingold
0
anhedron,0
anhedron
0
gentian,1
genian,gentian,gentians,gentiin,gentman
1,0,1,1,1
freedoot,0
freedoot
0
benzophenanthroline,1
benzophenanthroline
0
bromoaurates,0
bromoaurates
0
rebronze,2
albronze,bronze,embronze,prebronze,rebone,rebronze,refroze
2,2,2,1,2,0,2
outblushed,1
outblushed,outblushes
0,1
pseudocoelome,2
pseudocelom,pseudocoele,pseudocoelom,pseudocoelomate,pseudocoelome
2,2,1,2,0
spintry,2
kintry,paintry,pantry,pinery,saintly,savintry,sentry,shinty,sindry,spectry,spicery,spidery,spindly,spinnery,spinney,spinny,spinor,spinors,spinstry,spintry,spiny,spiry,spivery,splintery,splinty,stinty,swinery,vintry,wintry
2,2,2,2,2,2,2,2,2,2,2,2,2,2,2,2,2,2,1,0,2,2,2,2,2,2,2,2,2
eavesdrops,1
eavesdrop,eavesdrops
1,0
achievers,2
achieve,achieved,achiever,achievers,achieves,archivers
2,2,1,0,1,2
supermaterial,1
supermaterial
0
unrestrictedness,1
unrestrictedness
0
laumonite,2
ammonite,glauconite,lagonite,laubanite,laumonite,laumontite,laurionite,lawsonite,limonite,lomonite,mammonite
2,2,2,2,0,1,2,2,2,2,2
hebdomader,1
hebdomader
0
hypnotizing,2
dehypnotizing,hypnotising,hypnotizing,rehypnotizing,unhypnotizing
2,1,0,2,2
neighboured,1
neighbored,neighboured,neighbourer
1,0,1
grapewise,1
grapewise,gratewise
0,1
adverbiality,2
adverbiality,adverbialize,adverbially
0,2,2
meritocracies,2
meritocracies
0
inhibited,2
adhibited,exhibited,inhabited,inhabiter,inherited,inhibit,inhibited,inhibiter,inhibitor,inhibits,unhabited,uninhibited
2,2,1,2,2,2,0,1,2,2,2,2
strychnia,2
strychnia,strychnic,strychnin,strychnina,strychnine,strychnize,strychnol,strychnos
0,1,1,1,2,2,2,2
retinasphaltum,1
retinasphaltum
0
petticoat,0
petticoat
0
reverse,0
reverse
0
blissom,2
bisso,bisson,bliss,blisses,blissom,blossom,blossoms,blossomy,buisson,jissom,lissom,lissome,rissom
2,2,2,2,0,1,2,2,2,2,1,2,2
sericterium,0
sericterium
0
bearlet,1
beadlet,beamlet,bearlet,earlet,pearlet,tearlet
1,1,0,1,1,1
indigenity,2
indigenate,indigency,indigeneity,indigenist,indigenity,indigent,indigently,indigents,indignify,indignity,indivinity
2,2,1,2,0,2,2,2,2,1,2
horribleness,1
horribleness
0
nonillatively,2
nonillative,nonillatively,nonillusively,nonrelatively
2,0,2,2
factabling,0
factabling
0
refaced,0
refaced
0
untrace,1
unbrace,ungrace,untrace,untraced,untrance,uptrace
1,1,0,1,1,1
runesmith,2
gunsmith,ropesmith,runesmith,tubesmith,tunesmith
2,2,0,2,1
pacifism,0
pacifism
0
mambu,2
abu,amamau,amb,amba,ambe,ambo,ammu,amu,babu,bambuk,barbu,camb,cumbu,gamb,gamba,gambe,gambs,habu,iamb,iambi,iambs,iambus,imbu,jamb,jambe,jambo,jambs,jambul,kambou,kombu,lamb,lamba,lambs,lamby,mab,mabi,mahbub,mahu,mam,mama,mamamu,mamas,mamba,mambas,mambo,mambos,mambu,mamey,mamie,mamluk,mamma,mammy,mamo,mampus,mamry,manba,maniu,manqu,mapau,maru,masu,matsu,mau,mauby,maybe,minbu,mumbo,namby,samba,sambo,sambuk,sambul,sambur,tabu,tambo,tambur,yabu,zambo
2,2,2,2,2,2,2,2,2,2,2,2,2,2,2,2,2,2,2,2,2,2,2,2,2,2,2,2,2,2,2,2,2,2,2,2,2,2,2,2,2,2,1,2,1,2,0,2,2,2,2,2,2,2,2,2,2,2,2,2,2,2,2,2,2,2,2,2,2,2,2,2,2,2,2,2,2,2
doctordom,1
doctordom
0
keramic,2
ceramic,ceramics,dermic,eremic,geranic,geratic,hebamic,karmic,keraci,keramic,keramics,kerasin,keratin,kermis,teratic
1,2,2,2,2,2,2,2,2,0,1,2,2,2,2
trenchantly,2
trenchancy,trenchant,trenchantly
2,2,0
wackes,2
aces,aches,acies,ackee,ackees,acker,ackey,ackeys,acmes,acnes,acres,awakes,baches,backed,backen,backer,backers,backet,backs,backus,bakes,caches,cacked,cackles,cacks,cakes,daces,dacker,dackers,faces,facies,facks,faikes,fakes,hacked,hackee,hackees,hacker,hackers,hackies,hackles,hacks,hakes,jacked,jacker,jackers,jacket,jackets,jackey,jackies,jacks,jakes,laces,laches,lacked,lacker,lackers,lackey,lackeys,lackies,lacks,lakes,maces,macies,mackles,macks,macles,makes,nacket,nacres,paces,packed,packer,packers,packet,packets,packs,races,raches,racked,racker,rackers,racket,rackets,racks,rakes,sacked,sacken,sacker,sackers,sacket,sacks,sakes,swacked,swacken,taces,taches,tacked,tacker,tackers,tacket,tackets,tackey,tackies,tackles,tacks,takes,wace,wack,wacke,wacken,wacker,wackes,wackier,wackiest,wacks,wacky,wacs,wades,wadies,waes,wages,waives,wakas,wake,waked,waken,wakens,waker,wakers,wakes,wakken,wales,walies,walked,walker,walkers,walks,wames,wanes,wankel,wanker,wares,warked,warks,washes,wastes,watches,wauked,wauken,wauks,waves,wavies,waxes,whacked,whacker,whackers,whacks,wiches,wicked,wicken,wicker,wickers,wicket,wickets,wicks,wracked,wracker,wracks,wyches,yacked,yacks
2,2,2,2,2,2,2,2,2,2,2,2,2,2,2,2,2,2,2,2,2,2,2,2,2,2,2,2,2,2,2,2,2,2,2,2,2,2,2,2,2,2,2,2,2,2,2,2,2,2,2,2,2,2,2,2,2,2,2,2,2,2,2,2,2,2,2,2,2,2,2,2,2,2,2,2,2,2,2,2,2,2,2,2,2,2,2,2,2,2,2,2,2,2,2,2,2,2,2,2,2,2,2,2,2,2,2,2,2,1,1,1,0,2,2,1,2,2,2,2,2,2,2,2,2,2,2,2,2,2,1,2,2,2,2,2,2,2,2,2,2,2,2,2,2,2,2,2,2,2,2,2,2,2,2,2,2,2,2,2,2,2,2,2,2,2,2,2,2,2,2,2
melanic,1
melaenic,melanic,melanics,melanin,melenic
1,0,1,1,1
luxurious,1
luxurious
0
cosponsor,1
cosponsor,cosponsors
0,1
evaluated,0
evaluated
0
physiopsychic,1
physiopsychic
0
primevalism,1
primevalism
0
lattices,0
lattices
0
twazzy,0
twazzy
0
reasonableness,0
reasonableness
0
jennets,1
bennets,jennet,jennets,rennets,sennets
1,1,0,1,1
respectable,1
resectable,respectable,respectably
1,0,1
headrent,0
headrent
0
stannum,1
stagnum,stannum,stannums
1,0,1
erratas,2
ergates,errands,errants,errata,erratas,erratic,erratics,erratum,erratums,fermatas,ferrates,karatas,reatas,riatas,serrates,serratus,stratas
2,2,2,1,0,2,2,2,2,2,2,2,2,2,2,2,2
lintel,0
lintel
0
longnesses,2
boninesses,congresses,donenesses,fondnesses,gonenesses,lanknesses,loginesses,lonenesses,longness,longnesses,lornnesses,lostnesses,loudnesses,lownesses,onenesses
2,2,2,2,2,2,2,1,2,0,2,2,2,2,2
turtled,2
burbled,burgled,burled,bustled,butled,buttled,cuitled,curdled,curled,curted,cuttled,dartled,furled,gurgled,guttled,hurdled,hurled,hurted,hurtle,hurtled,hurtles,hustled,justled,kirtled,muraled,nurled,outled,purfled,purled,purpled,rustled,startled,tarted,tartle,tartlet,tattled,tirled,titled,tootled,tufted,tuftlet,tumbled,turble,turfed,turkle,turned,turtle,turtle's,turtled,turtledom,turtler,turtlers,turtles,turtlet,tussled,tutler,tutted,urled
2,2,2,2,2,2,2,2,2,2,2,2,2,2,2,2,2,2,2,1,2,2,2,2,2,2,2,2,2,2,2,2,2,2,2,2,2,2,2,2,2,2,2,2,2,2,1,2,0,2,1,2,1,1,2,2,2,2
contents,2
coagents,comments,conceits,concent,concento,concents,concentus,concepts,concerts,confects,congests,connects,consent,consents,constants,contacts,contect,contemns,contempts,contend,contends,content,contented,contently,contents,contenu,contes,contest,contests,context,context's,contexts,continents,contorts,convects,convenes,convent,convent's,convento,convents,converts,intents,portents
2,2,2,2,2,1,2,2,2,2,2,2,2,1,2,2,2,2,2,2,1,1,2,2,0,2,2,2,1,2,2,1,2,2,2,2,2,2,2,1,2,2,2
quest,1
guest,queest,queet,quelt,quent,ques,quest,quests,quet,quist
1,1,1,1,1,1,0,1,1,1
environage,1
environage
0
noose,2
aloose,alose,arose,biose,boise,boos,boose,boost,boosy,booze,bose,bouse,bowse,broose,brose,choose,chose,close,comose,cooee,coos,cooser,coost,copse,corse,cose,cosse,croose,crose,diose,dolose,dorse,dose,douse,dowse,erose,fosse,goos,goose,goosed,gooses,goosey,goosy,gorse,groose,hoise,hoose,hoosh,hoove,hooye,horse,hose,house,idose,jocose,jose,lobose,looie,loope,loos,loose,loosed,loosen,looser,looses,lose,louse,lowse,moise,monose,moore,moos,moosa,moose,moosey,moost,morose,morse,mouse,mowse,naos,neese,nese,niobe,nisse,noble,nobs,node,nodose,nods,noes,nogs,noire,noise,noised,noises,noisy,nolle,nolos,nome,nomos,noms,nonce,none,nonuse,noo,noodle,nook,nooked,nookie,nooks,nooky,noon,nooned,noons,noop,noose,noosed,nooser,noosers,nooses,nope,nore,norie,norse,norsel,norsk,nos,nose,nosed,noser,noses,nosey,nosh,nossel,nosy,note,notre,nots,nous,nousel,nouses,novae,nowise,nows,nurse,oos,oose,ooze,ose,osse,owse,phose,poise,poove,porose,pose,posse,prose,roosa,roose,roosed,rooser,rooses,roost,roove,rose,rouse,snoose,snoove,snooze,sorose,souse,sowse,swoose,those,toise,toosh,toosie,torose,torse,touse,undose,unhose,unloose,unnose,whose,woos,woosh,worse,youse,zoos
2,2,2,2,2,2,1,2,2,2,2,2,2,2,2,2,2,2,2,2,2,2,2,2,2,2,2,2,2,2,2,2,2,2,2,2,2,2,1,2,2,2,2,2,2,2,1,2,2,2,2,2,2,2,2,2,2,2,2,2,1,2,2,2,2,2,2,2,2,2,2,2,2,1,2,2,2,2,2,2,2,2,2,2,2,2,2,2,1,2,2,2,2,1,2,2,2,2,2,2,2,2,2,2,2,2,2,2,2,2,2,2,2,2,2,2,0,1,1,2,1,2,2,2,1,2,2,2,1,2,2,2,2,2,2,2,2,2,2,2,2,2,2,2,2,2,2,1,2,2,2,2,2,2,2,2,2,2,2,2,1,2,2,2,2,2,2,2,1,2,2,2,2,2,2,2,2,2,2,2,2,2,2,2,2,2,2,2,2,2,2,2
unrebated,1
undebated,unrebated,unrelated
1,0,1
wiltproof,1
wileproof,wiltproof
1,0
supercedes,1
supercede,superceded,supercedes,supersedes
1,1,0,1
intercouple,1
intercouple,intercoupled
0,1
ostracine,1
ostracine,ostracise,ostracite,ostracize
0,1,1,1
alpenhorn,2
alpenhorn,alpenhorns,alphorn
0,1,2
pimpery,1
impery,pimpery,pipery
1,0,1
guanaco,2
granado,guacacoa,guaco,guaiac,guaiacol,guaiacs,guana,guanaco,guanacos,guanare,guanase,guanay,guanays,guango,guano,guarapo,guarico,guayabo,huanaco
2,2,2,2,2,2,2,0,1,2,2,2,2,2,2,2,2,2,1
centiles,1
centile,centiles,centimes,gentiles
1,0,1,1
distending,2
descending,disbanding,dispending,dispensing,dissenting,distancing,distending,intending,listening,missending,mistending
2,2,1,2,2,2,0,2,2,2,1
evangelism,2
evangelian,evangelic,evangelicism,evangelion,evangelise,evangelised,evangeliser,evangelism,evangelist,evangelists,evangelium,evangelize,evangels
2,2,2,2,1,2,2,0,1,2,1,2,2
sulfureting,1
sulfureting,sulfuretting
0,1
otorrhea,2
aporrhea,azotorrhea,gonorrhea,logorrhea,otorrhea,otorrhoea,phorrhea,pyorrhea,ulorrhea,urorrhea
2,2,2,2,0,1,2,2,2,2
anopubic,0
anopubic
0
sulfhydric,0
sulfhydric
0
untemptingness,1
untemptingness
0
forestaff,1
forestaff,forestaffs
0,1
dew,2
'em,adaw,ade,aden,adet,ae,aeq,aer,aes,aet,alew,alw,anew,arew,aw,baw,bde,be,bec,bed,bedew,bee,bef,beg,bel,ben,ber,bes,bet,bey,blew,bow,brew,cadew,caw,ccw,ce,cee,cen,cep,chew,ckw,clew,cow,crew,csw,d,d',d's,da,dab,dad,dae,daer,dag,dah,dak,dal,dam,dan,dao,dap,dar,das,dat,dau,dauw,daw,dawe,dawk,dawn,daws,dawt,day,db,dbl,dc,dca,dcb,dd,ddt,de,dea,dead,deaf,deal,dean,dear,deas,deb,debe,debs,debt,dec,decd,deck,decl,deco,deda,dedd,dedo,dee,deed,deek,deem,deep,deer,dees,def,defi,defs,deft,defy,deg,degu,dei,deia,deil,deis,deja,deke,del,delaw,dele,delf,deli,dell,dels,dely,dem,deme,demi,demo,demy,den,dene,dens,dent,deny,dep,depa,depe,depr,dept,der,dere,derf,derk,derm,dern,dero,derv,des,desc,desi,desk,dess,det,detd,deti,detn,deul,deus,deux,dev,deva,deve,devi,devow,devs,dew,dewal,dewan,dewar,dewax,dewed,dewer,dews,dewy,dex,dey,deys,dft,dg,dha,dhaw,dhow,dhu,di,dia,dib,did,die,dieb,died,diel,diem,dier,dies,diet,dif,dig,dil,dim,din,dip,dir,dis,dit,div,dix,dj,dk,dkg,dkl,dkm,dks,dl,dlr,dm,dn,do,doa,dob,doc,dod,doe,doek,doer,does,dog,doh,dol,dom,don,doo,dop,dor,dos,dot,dow,dowd,dowf,dowl,down,dowp,dows,dowy,doz,dp,dpt,dr,draw,dree,dreg,drek,drew,drey,drow,dry,ds,dsp,dsr,dt,dtd,du,dub,duc,dud,due,duel,duer,dues,duet,dug,dui,dum,dun,duo,dup,dur,dux,dwt,dx,dy,dye,dyed,dyer,dyes,dyn,dys,dz,dzo,e,ea,ec,ed,edea,eden,ee,eel,een,eer,ef,eg,eh,el,em,en,endew,enew,eo,ep,eq,er,es,et,eu,ew,ewe,ex,ey,fe,fec,fed,fee,feh,fei,fem,fen,fer,fet,feu,few,fey,fez,flew,fow,fw,gaw,ge,geb,ged,gee,gel,gem,gen,geo,ger,get,gey,gez,glew,grew,haw,he,hed,hee,heh,hei,hel,hem,hen,heo,hep,her,hes,het,hew,hewe,hewn,hews,hewt,hex,hey,how,hw,ide,idea,idee,idem,ideo,ides,ie,indew,iw,jaw,jed,jee,jeg,jen,jer,jet,jeu,jew,jews,jow,kaw,kea,keb,ked,kef,keg,ken,kep,ket,kex,key,knew,kw,l/w,law,lbw,le,lea,led,lee,leg,lei,lek,leo,lep,les,let,leu,lev,lew,lewd,lex,ley,low,maw,me,mea,meaw,med,mee,meg,mel,mem,men,meow,meq,mer,met,meu,mew,mewl,mews,mow,mw,naw,ne,nea,neb,nee,nef,neg,nei,nek,neo,nep,net,new,news,newt,now,ode,odea,odel,odes,oe,oer,oes,ow,paw,pe,pea,ped,pee,peg,peh,pen,pep,per,pes,pet,pew,pews,pewy,phew,plew,pow,psw,qe,qed,raw,re,rea,reb,rec,red,ree,ref,reg,reh,rei,rel,rem,ren,rep,req,res,ret,rev,rew,rex,row,rtw,saw,se,sea,sec,sed,see,seg,sei,sel,sem,sen,sep,seq,ser,set,sew,sewn,sews,sex,sey,shew,skew,slew,smew,snew,sow,spew,stew,sw,taw,te,tea,tec,ted,tee,tef,teg,tel,tem,ten,ter,tew,tews,tex,tez,thew,tow,usw,vaw,vee,veg,vei,vel,ver,vet,vex,view,vow,w,waw,we,web,wed,wee,wef,wem,wen,wer,wet,wey,whew,wow,xed,xw,yaw,ye,yea,yed,yee,yeh,yen,yeo,yep,yer,yes,yet,yew,yews,yow,zea,zed,zee,zek,zel,zen,zep,zer
2,2,2,2,2,2,2,2,2,2,2,2,2,2,2,2,2,2,2,2,2,2,2,2,2,2,2,2,2,2,2,2,2,2,2,2,2,2,2,2,2,2,2,2,2,2,2,2,2,2,2,2,2,2,2,2,2,2,2,2,2,2,2,2,2,2,2,1,2,2,2,2,2,2,2,2,2,2,2,2,2,1,1,2,2,2,2,2,2,1,2,2,2,1,2,2,2,2,2,2,2,1,2,2,2,2,2,2,1,2,2,2,2,1,2,1,2,2,2,2,2,1,2,2,2,2,2,2,2,1,2,2,2,2,1,2,2,2,2,1,2,2,2,2,1,2,2,2,2,2,2,2,1,2,2,2,2,1,2,2,2,2,2,2,1,2,2,2,2,2,0,2,2,2,2,2,2,1,1,1,1,2,2,2,2,2,2,2,2,2,2,2,2,2,2,2,2,2,2,2,2,2,2,2,2,2,2,2,2,2,2,2,2,2,2,2,2,2,2,2,2,2,2,2,2,2,2,2,2,2,2,2,2,2,2,2,2,2,2,2,1,2,2,2,2,2,2,2,2,2,2,2,2,2,2,2,1,2,2,2,2,2,2,2,2,2,2,2,2,2,2,2,2,2,2,2,2,2,2,2,2,2,2,2,2,2,2,2,2,2,2,2,2,2,2,2,2,2,2,2,2,2,2,2,2,2,2,2,2,2,2,2,2,2,2,2,2,2,1,2,2,2,2,2,2,2,2,2,2,2,2,2,2,1,2,2,2,2,2,2,2,2,2,2,2,2,2,2,2,2,2,2,2,2,2,2,2,2,2,2,2,2,2,2,2,2,2,2,1,2,2,2,2,2,2,2,2,2,2,2,2,2,2,2,2,2,2,2,2,2,2,2,2,2,1,2,2,2,2,2,2,2,2,2,2,2,2,2,2,2,2,2,2,2,2,2,2,2,2,2,2,2,2,2,2,2,1,2,2,2,2,2,2,2,2,2,2,2,2,2,2,2,2,2,2,2,1,2,2,2,2,2,2,2,2,2,2,2,2,2,2,2,2,1,2,2,2,2,2,2,2,2,2,2,2,2,2,2,2,2,2,2,2,2,2,2,2,1,2,2,2,2,2,2,2,2,2,2,2,2,2,2,2,2,2,2,2,2,2,2,2,2,2,2,2,1,2,2,2,2,2,2,2,2,2,2,2,2,2,2,2,2,2,2,1,2,2,2,2,2,2,2,2,2,2,2,2,2,2,2,2,2,2,2,2,2,2,2,2,2,1,2,2,2,2,2,2,2,2,2,2,2,2,2,2,2,2,2,2,2,2,2,2,2,2,2,2,2,2,2,2,2,2,2,2,2,2,2,2,2,2,2,2,2,2,1,2,2,2,2,2,2,2,2,2,2
palaeovolcanic,1
palaeovolcanic,paleovolcanic
0,1
pygostyle,0
pygostyle
0
preiotize,1
preiotize
0
hexakisoctahedron,2
hexakisoctahedron
0
gimbal,2
bimbil,cimbal,cymbal,gamba,gambas,gambol,gibbals,gibbar,gibbol,gibel,gimbal,gimbaled,gimbals,gimble,gimbri,gimel,gimmal,gimmals,gingal,girba,girnal,glebal,global,gombay,gorbal,gymmal,imbalm,imban,imbat,jumbal,kambal,limba,limbal,limbas,limbat,limnal,mimbar,pibal,rimal,sambal,simal,simba,simball,simbil,simial,sumbal,timbal,timbale,timbals,tombal,tymbal
2,1,2,2,2,2,2,2,2,2,0,2,1,2,2,2,1,2,2,2,2,2,2,2,2,2,2,2,2,2,2,2,1,2,2,2,2,2,2,2,2,2,2,2,2,2,1,2,2,2,2
cinquain,0
cinquain
0
feued,2
beaued,bebed,blued,ceded,cered,clued,cued,deed,deked,deled,deuced,dewed,eked,ened,eyed,faced,faded,faked,famed,fared,fated,fauld,faurd,faured,faxed,fayed,fazed,feaked,feared,feased,feazed,feces,fecund,fed,fee,feeb,feed,feeded,feeds,feedy,feel,feer,fees,feet,feezed,fele,felid,felled,felted,feme,femes,fenced,fend,fended,feod,ferd,fere,feres,ferned,feruled,fessed,fete,feted,fetes,fetid,fetted,feu,feuar,feud,feuded,feudee,feuder,feuds,feued,feus,feute,feuter,fever,fewer,feyer,fezes,fezzed,fied,fifed,fiked,filed,fined,fired,fixed,fled,flewed,flexed,fleyed,flied,flue,flued,fluer,flues,fluey,fluid,fluked,flumed,fluted,fluxed,foud,fouled,found,foxed,fred,freed,freud,fried,fud,fuel,fueled,fugued,fumed,fund,fused,fuzed,geed,glued,heed,heved,hewed,hexed,hued,jeed,jewed,keyed,leed,lesed,leud,meed,mered,meted,mewed,need,peed,queued,rebed,reded,reed,refed,reused,rewed,rued,seed,segued,seqed,sered,sewed,sexed,slued,spued,sued,teed,tewed,trued,unfeued,vexed,weed,yeuked,zeed
2,2,2,2,2,2,2,2,2,2,2,2,2,2,2,2,2,2,2,2,2,2,2,2,2,2,2,2,2,2,2,2,2,2,2,2,1,2,2,2,2,2,2,2,2,2,2,2,2,2,2,2,2,2,2,2,2,2,2,2,2,2,1,2,2,2,2,2,1,1,2,2,2,0,2,2,2,2,2,2,2,2,2,2,2,2,2,2,2,2,2,2,2,2,2,1,2,2,2,2,2,2,2,2,2,2,2,2,2,2,2,2,2,2,2,2,2,2,2,2,2,2,2,2,2,2,2,2,2,2,2,2,2,2,2,2,2,2,2,2,2,2,2,2,2,2,2,2,2,2,2,2,2,2,2,2,2,2,2,2,2,2,2,2
ferv,2
aer,aero,aery,afer,ber,bere,berg,berk,berm,cera,cere,cern,cero,cert,corv,der,dere,derf,deriv,derk,derm,dern,dero,derv,derve,dev,eer,eery,env,er,era,erd,ere,erf,erg,erk,ern,err,ers,faery,far,fard,fare,farl,farm,faro,fart,fe,feak,feal,fear,fears,feat,fec,feck,fed,fedn,feds,fee,feeb,feed,feel,feer,feere,fees,feet,feff,fegs,feh,fei,feif,feil,feis,fele,fell,fels,felt,fem,feme,fen,fend,fens,fent,feod,fer,feral,ferd,fere,feres,feria,ferie,ferio,ferk,ferly,ferme,fermi,fern,ferns,ferny,ferox,ferr,ferri,ferry,fers,ferth,feru,ferv,fervid,fervor,fess,fest,fet,feta,fete,fets,feu,feud,feus,few,fey,fez,fieri,fiery,fir,fire,firk,firm,firn,firs,firy,flav,for,fora,forb,ford,fore,fork,form,fort,forz,fr,fra,frere,fro,frs,frt,fry,fur,furl,furs,fury,fv,fyrd,ger,gerb,gere,germ,gers,gery,her,hera,herb,herd,here,herl,herm,hern,hero,herp,herr,hers,hert,hery,jer,jere,jerk,jerl,jerm,jert,kerb,kerf,kerl,kern,kero,kers,kerve,lere,lerp,lev,mer,merc,merd,mere,merk,merl,mero,merv,mirv,nerd,nere,nerve,nervy,oer,per,pere,perf,perh,peri,perk,perm,pern,perp,pers,pert,peru,perv,qere,qeri,rev,ser,sera,serb,sere,serf,serg,sero,sers,sert,serv,serve,servo,surv,ter,tera,term,tern,terp,terr,ufer,ver,vera,verb,verd,veri,vers,vert,verve,very,wer,were,werf,weri,wert,yer,yerb,yerd,yere,yerk,yern,yerva,yfere,zer,zero
2,2,2,2,2,2,2,2,2,2,2,2,2,2,2,2,2,2,2,2,2,2,2,1,2,2,2,2,2,2,2,2,2,2,2,2,2,2,2,2,2,2,2,2,2,2,2,2,2,2,2,2,2,2,2,2,2,2,2,2,2,2,2,2,2,2,2,2,2,2,2,2,2,2,2,2,2,2,2,2,2,2,2,2,1,2,1,1,2,2,2,2,1,2,2,2,1,2,2,2,1,2,2,1,2,1,0,2,2,2,2,2,2,2,2,2,2,2,2,2,2,2,2,2,2,2,2,2,2,2,2,2,2,2,2,2,2,2,2,2,2,2,2,2,2,2,2,2,2,2,2,2,2,2,2,2,2,2,2,2,2,2,2,2,2,2,2,2,2,2,2,2,2,2,2,2,2,2,2,2,2,2,2,2,2,2,2,2,2,2,2,2,2,2,2,2,1,2,2,2,2,2,2,2,2,2,2,2,2,2,2,2,2,2,2,1,2,2,2,2,2,2,2,2,2,2,2,2,1,2,2,2,2,2,2,2,2,2,2,2,2,2,2,2,2,2,2,2,2,2,2,2,2,2,2,2,2,2,2,2,2,2,2
metopic,2
ametropic,atopic,ectopic,entopic,etypic,ketipic,ketonic,ketotic,meconic,meiotic,melodic,meropia,meropic,mesodic,mesonic,mesopic,meteoric,methodic,metic,metonic,metopae,metope,metopes,metopic,metopion,metopism,metopon,metric,mitotic,motoric,myopic,topic
2,2,2,2,2,2,2,2,2,2,2,2,1,2,2,1,2,2,2,1,2,2,2,0,2,2,2,2,2,2,2,2
monarchomachic,0
monarchomachic
0
comma's,0
comma's
0
yourself,2
oursel,ourself,oursels,yourself
2,1,2,0
affector,2
affect,affected,affecter,affecters,affection,affector,affects,affectum,affectus,affeeror,arrector,defector,effecter,effector,effectors,flector,infector
2,2,1,2,2,0,2,2,2,2,2,2,2,1,2,2,2
wildly,1
mildly,vildly,wildly,wilily,willy
1,1,0,1,1
regrates,2
aerates,berates,cerates,degrades,ferrates,grates,ingrates,legates,migrates,negates,rebates,recrate,recrated,recrates,recreates,redates,reflates,reframes,regales,regelates,reglazes,regrade,regraded,regrades,regrafted,regrafts,regranted,regrants,regrass,regrate,regrated,regrater,regrates,regrator,regratress,regravel,regrets,regulates,relates,remigrates,replates,rerate,rerated,restates,retraces,rewrites,serrates
2,2,2,2,2,2,2,2,2,2,2,2,2,1,2,2,2,2,2,2,2,2,2,1,2,2,2,2,2,1,1,1,0,2,2,2,2,2,2,2,2,2,2,2,2,2,2
teleological,1
ateleological,teleological
1,0
holostomatous,1
holosomatous,holostomatous
1,0
citril,0
citril
0
leashed,0
leashed
0
ramshackleness,0
ramshackleness
0
nonmitigatory,0
nonmitigatory
0
cognatical,2
agnatical,cognatic,cognatical,dogmatical
2,2,0,2
ketoketene,2
ketoketene
0
replicates,0
replicates
0
bimillennium,0
bimillennium
0
undiscussable,2
discussable,indiscussable,indiscussible,undisclosable,undiscussable,undisguisable
2,1,2,2,0,2
xiphosterna,0
xiphosterna
0
aminobarbituric,2
aminobarbituric
0
decussately,2
decussate,decussated,decussately,decussatively
2,2,0,2
photomicrographic,0
photomicrographic
0
xenophobe,1
xenophobe,xenophobes,xenophoby
0,1,1
criticist,0
criticist
0
aphototropic,1
aphototropic,phototropic
0,1
epode,1
enode,epode,epodes,erode,exode,spode
1,0,1,1,1,1
myxaemia,1
myxaemia,myxemia
0,1
ensheaths,1
ensheath,ensheathe,ensheathes,ensheaths,insheaths
1,1,1,0,1
honeybloom,0
honeybloom
0
roentgenography,2
roentgenograph,roentgenographic,roentgenography,rontgenography
1,2,0,1
overgross,2
overcrops,overcross,overdress,overglass,overgloss,overgross,overgrossly,overgrow,overgrown,overgrows,overmoss,overpress,overrose
2,1,2,2,1,0,2,2,2,1,2,2,2
seagoer,0
seagoer
0
barouches,0
barouches
0
entrepreneuses,1
entrepreneuse,entrepreneuses
1,0
amelioration,1
amelioration,ameliorations,melioration
0,1,1
nivernaise,2
nivernaise
0
ferity,1
fedity,ferity,verity
1,0,1
demineralization,1
demineralization,remineralization
0,1
dartling,1
darkling,darling,darting,dartling
1,1,1,0
behoot,0
behoot
0
misrepresentee,0
misrepresentee
0
myrmecophile,2
myrmecophile,myrmecophily,myrmecophyte
0,1,2
devoice,0
devoice
0
setoffs,0
setoffs
0
discontinuousness,2
discontiguousness,discontinuousness
1,0
manhoods,0
manhoods
0
frette,1
arette,frett,frette,fretted,fretten,fretter,fretty
1,1,0,1,1,1,1
squooshes,0
squooshes
0
allocation,2
advocation,albication,allegation,alligation,allocating,allocation,allocations,allocator,allochthon,allocution,allylation,avocation,bilocation,collocation,deallocation,elocation,illocution,location,reallocation,relocation
2,2,2,2,2,0,1,2,2,1,2,2,2,2,2,2,2,2,2,2
vocalist,1
localist,vocalise,vocalism,vocalist,vocalists
1,1,1,0,1
nonvertically,0
nonvertically
0
biodegrade,2
biodegrade,biodegraded
0,1
larvaria,1
lararia,larvaria
1,0
cetic,1
acetic,celtic,ceric,ceti,cetic,cetin,cretic,cyetic,metic
1,1,1,1,0,1,1,1,1
slitwing,2
blitzing,fliting,flitting,shitting,siting,sitting,skiting,slating,slatting,slewing,slicing,slicking,sliding,sliming,slimming,slinging,slinking,sliping,slipping,sliting,slitting,slitwing,slitwise,sliving,slotting,slowing,slutting,smithing,smiting,smitting,spiting,spitting,splitting,suiting
2,2,2,2,2,2,2,2,2,2,2,2,2,2,2,2,2,2,2,1,1,0,2,2,2,2,2,2,2,2,2,2,2,2
puckeriest,1
puckeriest
0
elegists,0
elegists
0
decompose,0
decompose
0
franciscan,2
francisc,francisca,franciscan,franciscans,francisco
2,1,0,1,2
fregit,0
fregit
0
campylotropal,1
campylotropal
0
reinduced,0
reinduced
0
overnumerousness,2
overnumerousness
0
bypasser,1
bypassed,bypasser,bypasses
1,0,1
subdeltoidal,0
subdeltoidal
0
supersanction,2
superfunction,superjunction,supersanction
2,2,0
cafe's,0
cafe's
0
queerest,2
quaeres,queered,queerer,queerest,queerish,queerness,queers,queest,querent,querist,quietest,sheerest
2,2,2,0,2,2,2,2,2,2,2,2
estrone,2
asarone,astone,astron,astrose,bestrode,enthrone,entone,eserine,esotrope,esprove,estrade,estrange,estre,estrepe,estrin,estrins,estrogen,estrone,estrones,estrous,esurine,ettirone,oestrone,oestrones,restroke,restrove,stone,strobe,strode,stroke,strome,strond,strone,strong,strove,styrone,testone,trone
2,2,2,2,2,2,2,2,2,2,2,2,2,2,2,2,2,0,1,2,2,2,1,2,2,2,2,2,2,2,2,2,1,2,2,2,2,2
outdares,2
outages,outbakes,outbarks,outdances,outdare,outdared,outdares,outdate,outdated,outdates,outdoes,outdress,outdrew,outdure,outfaces,outfires,outglares,outpaces,outparts,outraces,outrages,outraves,outstares,outtakes,outwards,outwars
2,2,2,2,1,1,0,2,2,1,2,2,2,2,2,2,2,2,2,2,2,2,2,2,2,2
reuse,1
meuse,recuse,reese,refuse,retuse,reune,reuse,reused,reuses,rouse,ruse
1,1,1,1,1,1,0,1,1,1,1
preconnective,0
preconnective
0
diffraction,2
difflation,diffracting,diffraction,diffractional,diffractions,diffractive,distraction,effraction,infraction
2,2,0,2,1,2,2,2,2
bowenite,1
bowenite
0
prevenant,0
prevenant
0
wisps,2
asps,bises,bisks,cists,crisps,cusps,dimps,dips,discs,disks,disp,diss,fiscs,fists,fpsps,gasps,gimps,gips,gists,hasps,hips,hisis,hiss,hists,imps,ips,isis,isls,isms,jisms,kips,kiss,kists,limps,lips,lisp,lisp's,lisps,liss,lists,mips,mises,misos,miss,mists,nips,nisus,pimps,pips,piss,rasps,rips,rises,risks,risp,risus,simps,sips,sises,siss,sps,swiss,tips,twirps,twists,vips,visas,vises,viss,waists,waps,warps,wasp,wasp's,wasps,waspy,wasts,weeps,wests,whaps,whips,whisks,whisp,whiss,whists,whops,wicks,wides,wifes,wig's,wigs,wilds,wiles,wills,wilts,winds,wines,wings,winks,winos,wins,wipe,wipes,wips,wires,wis,wise,wised,wisen,wiser,wises,wisest,wish,wisha,wishes,wisht,wishy,wisp,wisp's,wisped,wispish,wisps,wispy,wiss,wisse,wisses,wist,wiste,wists,wit's,wites,wits,wives,wizes,woops,wops,wraps,wrists,wusp,wuss,wyss,yips,zips
2,2,2,2,2,2,2,2,2,2,2,2,2,2,2,2,2,2,2,2,2,2,2,2,2,2,2,2,2,2,2,2,2,2,2,2,2,1,2,2,2,2,2,2,2,2,2,2,2,2,2,2,2,2,2,2,2,2,2,2,2,2,2,2,2,2,2,2,2,2,2,2,2,2,1,2,2,2,2,2,2,2,2,2,2,2,2,2,2,2,2,2,2,2,2,2,2,2,2,2,2,2,2,1,2,2,2,2,2,2,1,2,2,2,2,2,2,1,1,2,2,0,1,1,2,2,2,2,1,2,2,2,2,2,2,2,2,2,2,2,2,2,2
monovalence,2
monovalence,monovalency,monovalent
0,1,2
littoral,2
clitoral,literal,litoral,littoral,littorals
2,2,1,0,1
nanoplankton,2
nannoplankton,nanoplankton
1,0
tanglad,1
tanglad,tangled
0,1
deertongue,2
beartongue,beeftongue,deadtongue,deertongue
2,2,2,0
hypapophysial,2
epapophysial,hemapophysial,hypapophysial,hypapophysis,hyperapophysial,hypophysial,zygapophysial
2,2,0,2,2,2,2
undephlegmated,2
dephlegmated,undephlegmated
2,0
underpaid,1
underaid,underlaid,undermaid,underpaid,underpain
1,1,1,0,1
dimetric,2
biometric,diametric,diedric,dietic,dimeric,dimetria,dimetric,dimoric,dimyaric,dineric,dinetic,dineuric,dioptric,dosimetric,fimetic,iodimetric,metric,mimetic,oometric,oximetric,sedimetric,trimetric,udometric,unmetric
2,1,2,2,1,1,0,2,2,2,2,2,2,2,2,2,2,2,2,2,2,2,2,2
sheriffess,1
sheriffess
0
rammelsbergite,1
rammelsbergite
0
watchman,1
hatchman,latchman,watchman,watchmen,witchman
1,1,0,1,1
bullethead,1
billethead,bullethead
1,0
ethoxyl,2
atoxyl,ethenyl,ethinyl,ethoxy,ethoxyl,ethoxyls,ethyl,ethynyl,lithoxyl,methoxy,methoxyl
2,2,2,1,0,1,2,2,2,2,1
pantatrophy,1
panatrophy,pantatrophy
1,0
viperlike,0
viperlike
0
orthometopic,0
orthometopic
0
zonuroid,1
zonurid,zonuroid
1,0
carboy,1
barboy,carbo,carbon,carboxy,carboy,carboys,carby,tarboy
1,1,1,1,0,1,1,1
scrubwomen,1
scrubwoman,scrubwomen
1,0
postheat,2
poshest,postea,postheat,posttest,pothead
2,2,0,2,2
tipsters,1
hipsters,tapsters,tipster,tipsters
1,1,1,0
atria,2
abri,abrim,abrin,abris,acoria,acrid,acrita,adrip,aecia,aerial,aeric,aerie,aevia,africa,afrit,agria,agrias,agric,agrin,agyria,akia,akra,alia,alvia,ametria,amia,amnia,amra,amrit,amrita,andia,angia,anlia,anmia,anoia,antlia,antra,antrin,anuria,aorta,aporia,april,apteria,ara,arba,arca,area,aria,arian,arias,arid,aril,arna,arrha,arri,arriba,arrie,arris,arteria,asia,asteria,ataxia,aterian,athyria,atip,atis,atli,atma,atmid,atocia,atonia,atrail,atren,atresia,atria,atrial,atrip,atrium,atropia,atry,atta,attic,attid,attila,attrib,atua,atwin,aura,auric,auriga,aurin,aurir,auris,austria,averia,baria,cataria,ceria,chria,coria,curia,dataria,doria,entria,eria,fatsia,feria,iatric,ittria,katrina,latria,latrial,latrian,latrias,latvia,maria,materia,matra,matric,matris,matrix,metria,noria,nutria,oturia,pateria,patgia,patia,patria,patriae,patrial,patrin,patrix,poria,ria,sauria,staia,stiria,stra,stria,striae,strial,strid,strig,striga,strip,strit,strix,syria,tra,tri,triac,triad,trial,trias,trib,trica,trid,trifa,trig,triga,trim,trin,trina,trio,trip,trit,tsia,varia,yttria
2,2,2,2,2,2,2,2,2,2,2,2,2,2,2,1,2,2,2,2,2,2,2,2,2,2,2,2,2,2,2,2,2,2,2,2,2,2,2,2,2,2,2,2,2,2,2,1,2,2,2,2,2,2,2,2,2,2,2,2,2,2,2,2,2,2,2,2,2,2,2,2,2,2,0,1,1,2,2,2,2,2,2,2,2,2,2,2,2,2,2,2,2,2,2,2,2,2,2,2,2,2,2,2,2,2,2,2,2,2,1,2,2,2,2,2,2,2,2,2,2,2,2,2,2,2,2,2,1,2,2,2,2,2,2,2,2,2,2,1,2,2,2,2,2,2,2,2,2,2,2,2,2,2,2,2,2,2,2,2,2,2,2,2,2,2,2,2,2,2
mountingly,0
mountingly
0
ambaries,1
ambaries,ambaris,amberies,ambries
0,1,1,1
sension,1
pension,scension,sencion,sension,session,sinsion,tension
1,1,1,0,1,1,1
greenwax,1
greenwax
0
armsful,2
aimful,almsful,armful,armfuls,armsful,artful,harmful,jarsful,warmful
2,1,1,2,0,2,2,2,2
eupnea,1
eupnea,eupneas,eupnoea
0,1,1
overtaken,1
overtake,overtaken,overtaker,overtakes
1,0,1,1
noncholeric,1
noncholeric
0
stigmeology,2
stigmeology
0
reguaranteeing,1
preguaranteeing,reguaranteeing
1,0
uninferrable,2
undeferrable,uninfectable,uninferable,uninferably,uninferrable,uninferrably,uninferrible,uninferribly,unintegrable
2,2,1,2,0,1,1,2,2
parencephalic,0
parencephalic
0
ambulacrum,1
ambulacrum
0
unintriguing,1
unintriguing
0
predisagreement,2
predisagreement
0
megalodontia,2
megadontia,megalodont,megalodontia
2,2,0
enlard,2
belard,benward,echard,edward,eland,enarm,endark,engarb,engarde,engaud,engird,englad,england,enguard,enhardy,enlace,enlaced,enlard,enlarge,enlarged,enlay,enlure,ensand,entad,fenland,henyard,holard,inlaid,inland,inlard,inward,lard,lenard,nard,onlaid,onward,pellard,penbard,unhard,unlaid,unland,unlord
2,2,2,2,2,2,2,2,2,2,2,2,2,2,2,2,2,0,2,2,2,2,2,2,2,2,2,2,2,1,2,2,2,2,2,2,2,2,2,2,2,2
downset,2
donet,dowcet,downbeat,downbent,downcut,downed,downer,downier,downiest,downs,downset,dowse,dowsed,dowser,dowses,dowset,dowsets,gownlet,moonset,onset,townet,townlet
2,2,2,2,2,2,2,2,2,2,0,2,2,2,2,1,2,2,2,2,2,2
backfilled,0
backfilled
0
decussoria,1
decussoria
0
appliance's,0
appliance's
0
piewipe,2
diewise,pielike,pierine,piewife,piewipe,precipe,prewire,sidewipe
2,2,2,1,0,2,2,2
seminarianism,1
seminarianism
0
archprelate,2
archprelate,archprelatic,archprimate
0,2,2
gnarring,2
barring,charring,earring,garbing,garring,gearing,glairing,glaring,gnarling,gnarring,gnashing,gnatling,gnawing,guarding,inarming,inerring,jarring,marring,narking,parring,scarring,snaring,snarling,sparring,starring,tarring,unarming,unbarring,unerring,unjarring,unmarring,warring
2,2,2,2,1,2,2,2,1,0,2,2,2,2,2,2,2,2,2,2,2,2,2,2,2,2,2,2,2,2,2,2
lutianoid,2
lianoid,lucinoid,lutianid,lutianoid
2,2,1,0
arthrotrauma,2
arthrotrauma
0
yearned,1
earned,learned,yarned,yeaned,yeared,yearned,yearner
1,1,1,1,1,0,1
myzodendraceous,2
myzodendraceous
0
kataphoretic,2
cataphoretic,kataphoresis,kataphoretic,kataphoric
1,2,0,2
exormia,2
exomis,exordia,exordial,exormia,exosmic,exurbia
2,1,2,0,2,2
diaphanously,2
diaphanous,diaphanously,undiaphanously
2,0,2
saucily,2
crucily,facily,fancily,gaudily,gauily,gauzily,lacily,paucify,paucity,racily,raucity,saily,saltily,sappily,sassily,saucery,saucier,saucily,saucing,saucy,sicily,spicily
2,2,2,2,2,2,2,2,2,2,2,2,2,2,2,2,2,0,2,2,2,2
ficus,1
fices,fichus,ficus,fiscus,focus,fucus,vicus
1,1,0,1,1,1,1
structuration,1
structuration
0
mythically,2
ethically,gothically,lithically,lytically,metrically,myopically,mystically,mythical,mythicality,mythically,unmythically
2,2,2,2,2,2,2,2,2,0,2
cedrol,1
cedrol,cedron
0,1
pneumaticness,0
pneumaticness
0
extralite,0
extralite
0
diverseness,2
adverseness,averseness,diverseness,undiverseness
2,2,0,2
barracudas,2
barracoutas,barracuda,barracudas,barramundas
2,1,0,2
magistrates,2
magistracies,magistrate,magistrate's,magistrates,magistratic,magistratus
2,1,1,0,2,1
skenai,1
skenai
0
overneat,2
overbear,overbeat,overbet,overcoat,overdeal,overdear,overeat,overeate,overeats,overest,overfat,overfear,overfeast,overflat,overget,overgreat,overhead,overheap,overhear,overheat,overheats,overlead,overleaf,overlean,overleap,overleapt,overlet,overmean,overmelt,overnear,overneat,overneatly,overness,overnet,overnew,overpert,overpet,overreact,overread,overrent,oversea,overseal,overseam,overseas,overset,overtest,overweak,overwear,overwelt,overwent,overwet,overyear,overzeal
2,1,2,2,2,2,1,2,2,2,2,2,2,2,2,2,2,2,2,1,2,2,2,2,2,2,2,2,2,1,0,2,2,1,2,2,2,2,2,2,2,2,2,2,2,2,2,2,2,2,2,2,2
rushland,2
brushland,bushland,bushlands,rosland,rushland,washland
1,1,2,2,0,2
milkily,2
balkily,bulkily,filmily,hulkily,kinkily,mildly,milkier,milkily,milking,milky,millile,milly,mirkily,mirkly,miskill,mistily,muckily,murkily,muskily,oilily,pinkily,riskily,silkily,sillily,sulkily,wilily
2,2,2,2,2,2,2,0,2,2,2,2,1,2,2,2,2,2,2,2,2,2,1,2,2,2
unquit,0
unquit
0
aimless,2
actless,adless,ageless,aidless,aiglets,aimers,aimless,aimlessly,airless,aisles,amess,arless,armless,armlets,artless,ashless,aweless,awless,awnless,ayless,bibless,bitless,brimless,claimless,dimness,figless,finless,firmless,gainless,gaumless,gemless,gimlets,gumless,hairless,harmless,hipless,hitless,illess,inless,jailless,kinless,lairless,lidless,limbless,limeless,lipless,mailless,nailless,oilless,painless,pieless,pigless,pinless,pipless,pitless,railless,rainless,ribless,rimeless,rimless,rumless,sailless,sinless,sumless,tailless,tieless,timeless,tipless,wemless,wigless,winless,witless,zipless
2,2,2,1,2,2,0,2,1,2,2,2,1,2,2,2,2,2,2,2,2,2,2,2,2,2,2,2,2,2,2,2,2,2,2,2,2,2,2,2,2,2,2,2,2,2,2,2,2,2,2,2,2,2,2,2,2,2,2,1,2,2,2,2,2,2,2,2,2,2,2,2,2
treadmills,2
treadmill,treadmills
1,0
unsatirisable,0
unsatirisable
0
vivisected,1
vivisected
0
friskiness,2
briskness,crispiness,fishiness,fistiness,foistiness,freakiness,frilliness,fringiness,friskiest,friskiness,frizziness,frostiness,grisliness,prissiness,riskiness,trickiness
2,2,2,2,2,2,2,2,2,0,2,2,2,2,1,2
catoctin,2
cabotin,calotin,carotin,catechin,catoctin
2,2,2,2,0
antiriot,2
anterior,antibiont,antilift,antinion,antipot,antirent,antiriot,antirust,antiwit
2,2,2,2,2,2,0,2,2
lupe,1
dupe,jupe,lope,loupe,lube,luce,lue,luge,luke,lune,lupe,lure,lute,luxe,supe
1,1,1,1,1,1,1,1,1,1,0,1,1,1,1
deaconate,1
deaconate,diaconate
0,1
deadwork,0
deadwork
0
multiply,2
multiped,multiplan,multiple,multiples,multiplet,multiplex,multiply,multipole,multiway,mustily,remultiply,unmultiply
2,2,1,2,2,2,0,2,2,2,2,2
preconvention,1
precontention,preconvention,proconvention,reconvention
1,0,1,1
mesenteriform,1
mesenteriform
0
calycinal,1
calycinal
0
seabeach,2
seabeach,seabeaches,seabeard
0,2,2
fucinita,2
fucinita,fusinite
0,2
tps,0
tps
0
planning,1
clanning,flanning,panning,plaining,planing,planking,planning,plannings,planting
1,1,1,1,1,1,0,1,1
seigniories,1
seigniories,seignories,signiories
0,1,1
excrescencies,1
excrescences,excrescencies
1,0
foisons,2
bisons,bolsons,bosons,coisns,dobsons,foins,foison,foisons,foists,fossors,frison,frissons,godsons,grisons,moison,orisons,poison,poisons,prisons,raisons,toison,unisons
2,2,2,2,2,2,1,0,2,2,2,2,2,2,2,2,2,1,2,2,2,2
estudy,0
estudy
0
proportioned,0
proportioned
0
uncypress,0
uncypress
0
sabby,1
abby,babby,cabby,dabby,gabby,labby,nabby,sabby,sably,scabby,shabby,sibby,slabby,snabby,sobby,swabby,tabby,wabby,yabby
1,1,1,1,1,1,1,0,1,1,1,1,1,1,1,1,1,1,1
streeters,0
streeters
0
grandparent,1
grandparent,grandparents
0,1
unprovokedly,2
uncrookedly,unprovidedly,unprovisedly,unprovoked,unprovokedly
2,2,2,2,0
allothogenous,2
allothigenous,allothogenous
1,0
cooeeing,1
cooeeing,cooeying
0,1
reward,0
reward
0
forepleasure,2
forepleasure
0
quintuplicate,0
quintuplicate
0
compromiser,2
compromis,compromise,compromised,compromiser,compromisers,compromises,copromisor
2,1,1,0,1,1,2
intrusionist,2
inclusionist,infusionist,intrusion's,intrusionism,intrusionist,intrusions,obtrusionist
2,2,2,1,0,2,2
spurtles,0
spurtles
0
polyarthrous,1
polyarthrous
0
trollying,0
trollying
0
riblet,2
ablet,aiglet,bible,bibles,billet,blet,boblet,briolet,cablet,crablet,crible,dablet,dribbet,dribblet,driblet,driblets,drillet,filet,fillet,finlet,frislet,gablet,gibbet,gibleh,giblet,giblets,giglet,gilet,gimblet,gimlet,goblet,hillet,inlet,islet,jillet,kidlet,libbet,libget,liplet,millet,oillet,orblet,pielet,piglet,pillet,piolet,quiblet,rabbet,raglet,raylet,reblot,reflet,reglet,relet,ribat,ribbed,ribber,ribbet,ribble,ribe,ribes,ribless,riblet,riblets,ricket,ridley,rifle,rifled,rifler,rifles,riglet,rigolet,rile,riled,riles,riley,rille,rilled,rilles,rillet,rillets,rillett,ringlet,rippet,ripplet,rivet,rivulet,roble,robles,rodlet,rowlet,rubelet,ruble,rubles,runlet,sublet,tablet,tibet,tillet,tinlet,tiplet,treblet,tribelet,triblet,triflet,trillet,triolet,triplet,tublet,violet,wiglet,willet,witlet,wrible,zibet
2,2,2,2,2,2,2,2,2,2,2,2,2,2,1,2,2,2,2,2,2,2,2,2,1,2,2,2,2,2,2,2,2,2,2,2,2,2,2,2,2,2,2,2,2,2,2,2,2,2,2,2,2,2,2,2,2,1,2,2,2,2,0,1,2,2,2,2,2,2,1,2,2,2,2,2,2,2,2,1,2,2,2,2,2,2,2,2,2,2,2,2,2,2,2,2,2,2,2,2,2,2,2,1,2,2,2,2,2,2,2,2,2,2,2
helibus,0
helibus
0
dunpickle,0
dunpickle
0
wheedled,0
wheedled
0
blubberingly,1
blubberingly,slubberingly
0,1
borable,0
borable
0
prudently,0
prudently
0
iliocostalis,0
iliocostalis
0
agonistarch,2
agonistarch
0
defiles,2
aediles,befile,debile,decides,decile,deciles,deckles,defaces,defames,defiber,defied,defier,defiers,defies,defilades,defile,defiled,defiler,defilers,defiles,define,defined,definer,definers,defines,defis,deflea,defleas,deflesh,deflex,defuses,defuzes,deices,deifies,deils,deles,delies,delimes,demies,demises,denies,derides,derives,desires,devices,devil's,deviled,deviler,deviless,devilet,devils,devises,dexies,duffles,ediles,exiles,files,refile,refiled,refiles,refills,refilms,refines,refires,refixes,resiles,reviles,seniles
2,2,2,2,2,1,2,2,2,2,2,2,2,1,2,1,1,1,1,0,2,2,2,2,1,2,2,2,2,2,2,2,2,2,2,2,2,2,2,2,2,2,2,2,2,2,2,2,2,2,2,2,2,2,2,2,2,2,2,1,2,2,2,2,2,2,2,2
supersecureness,0
supersecureness
0
refiles,1
defiles,refile,refiled,refiles,refills,refilms,refines,refires,refixes,resiles,reviles
1,1,1,0,1,1,1,1,1,1,1
anaerobian,0
anaerobian
0
unprovoked,1
unprovoke,unprovoked
1,0
juratorial,1
curatorial,juratorial
1,0
bereave,2
bebrave,bedelve,beeve,begrave,begrease,behave,beknave,beleave,beleve,berake,berate,bereave,bereaved,bereaven,bereaver,bereavers,bereaves,berede,berreave,berreaved,berreaves,beslave,brave,breve,greave,reave,rereeve,reweave,threave,unreave
2,2,2,2,2,2,2,1,2,2,2,0,1,1,1,2,1,2,1,2,2,2,2,2,2,2,2,2,2,2
ophidium,2
oidium,oncidium,ophidia,ophidian,ophidious,ophidium,oppidum,otidium
2,2,2,2,2,0,2,2
asteroidean,0
asteroidean
0
lugubriosity,2
lugubriosity
0
presymptom,2
presymptom
0
chronol,2
carotol,chinol,chroatol,chromo,chromos,chromyl,chron,chronal,chronic,chronol,chronon,chronons,coronal,coronel,cronel,crool,phonol,phrenol,thronal,thronoi,thronos
2,2,2,2,2,2,2,1,2,0,1,2,2,2,2,2,2,2,2,2,2
amphoriskoi,1
amphoriskoi,amphoriskos
0,1
budworm,0
budworm
0
heptasyllabic,1
heptasyllabic
0
behaviorism,1
behaviorism,behaviorist,behaviourism
0,1,1
hovels,1
hosels,hotels,hovel,hovel's,hovels,hovers,novels,shovels
1,1,1,1,0,1,1,1
intermammary,2
intermammary,intramammary
0,2
ranomer,0
ranomer
0
lastspring,2
laspring,lastspring
2,0
terms,0
terms
0
nowts,2
boats,bolts,boots,borts,bots,botts,bouts,bowls,bows,coats,colts,coots,costs,cots,cowls,cows,dawts,doats,doits,dolts,dorts,dots,downs,dows,enows,fonts,foots,forts,fowls,goats,gouts,gowds,gowks,gowns,holts,hoots,hosts,hots,howes,howfs,howks,howls,hows,iowt,jolts,jots,jowls,jows,knots,knouts,knowns,knows,lofts,loots,lots,louts,lowes,lows,lowth,moats,molts,moots,morts,mosts,mots,motts,mows,mowt,mowth,nants,nawt,neats,nerts,nests,nets,netts,news,newt,newts,nits,nobis,nobs,nocks,noctis,nod's,nodes,nods,nodus,noels,noes,noggs,nogs,noils,nokta,nolos,nolt,nomas,nomes,nomos,noms,nonas,nones,nooks,noons,norms,north,norths,nos,noses,not,nota,note,notes,nots,notus,nouns,nous,novas,novus,now,noway,noways,nowch,nowed,nowel,nowise,nows,nowt,nowthe,nowts,nowy,nuts,oats,oots,opts,orts,outs,owes,owls,owns,owt,poets,ports,posts,pots,pouts,pows,roots,rots,routs,rows,rowt,rowte,rowth,rowths,rowty,snoots,snorts,snots,snouts,snows,softs,soots,sorts,sots,sows,sowt,sowte,tofts,toits,toots,torts,tots,touts,towns,tows,volts,vows,wonts,worts,wots,wows,wowt,yowes,yowls,yows,yowt
2,2,2,2,2,2,2,2,2,2,2,2,2,2,2,2,2,2,2,2,2,2,2,2,2,2,2,2,2,2,2,2,2,2,2,2,2,2,2,2,2,2,2,2,2,2,2,2,2,2,2,2,2,2,2,2,2,2,2,2,2,2,2,2,2,2,2,2,2,2,2,2,2,2,2,2,2,2,1,2,2,2,2,2,2,2,2,2,2,2,2,2,2,2,2,2,2,2,2,2,2,2,2,2,2,2,2,2,2,2,2,2,2,1,2,2,2,2,2,2,2,2,2,2,2,2,1,1,2,0,2,2,2,2,2,2,2,2,2,2,2,2,2,2,2,2,2,2,2,2,2,2,2,2,2,2,2,2,2,2,2,2,2,2,2,2,2,2,2,2,2,2,2,2,2,2,2,2,2,2,2,2,2,2,2,2,2
exploration's,2
expiration's,explanation's,exploitation's,exploration,exploration's,explorational,explorations
2,2,2,2,0,2,1
outplanned,0
outplanned
0
literalist,1
liberalist,literalise,literalism,literalist,literatist
1,1,1,0,1
unprimitivistic,1
unprimitivistic
0
unrecuperatory,1
unrecuperatory
0
olla,2
'll,abolla,agla,ala,alala,alba,alfa,alga,alia,all,allah,allan,allay,allo,alls,ally,alma,alula,amla,arolla,aula,bela,billa,blea,bola,boll,bolls,bolly,bowla,boyla,bulla,calla,cella,cholla,coala,cola,coll,colla,collab,collar,collat,colly,colola,colza,culla,della,dobla,dola,dolia,doll,dollar,dollia,dolls,dolly,eila,ela,ell,ellan,elle,ells,exla,fala,falla,fella,fila,filla,flea,fll,folia,foll,folly,fula,gala,galla,gila,glia,gola,goll,gollar,golly,gula,hala,hila,hola,holia,holl,holla,hollas,hollo,holloa,holly,horla,hula,hyla,ilea,ilia,ilka,ill,ills,illy,joll,jolly,joola,kala,kella,klva,koala,koila,kola,kolea,kula,la,lca,lea,lila,ll,llb,loa,loll,lolls,lolly,mala,mela,mila,milla,mola,molka,moll,molla,mollah,molle,molls,molly,moola,mopla,mulla,noll,nolle,oba,obia,obl,oblat,obli,oca,oda,odea,ogle,ohia,oil,oils,oily,oka,okia,okra,okta,ol,ola,olam,old,olds,oldy,ole,olea,olena,oleo,oles,olid,olio,oliva,olla,ollamh,ollas,ollav,olm,olona,olp,olpae,olpe,omlah,ona,onca,onlap,onlay,only,onza,oolak,oolly,opa,ora,orca,orl,orle,orlo,orly,orna,orra,osela,osella,oslo,ossa,oulap,ova,owl,owls,owly,oxea,pala,palla,plea,polka,poll,pollam,pollan,polls,polly,pyla,roll,rolls,sala,sella,sla,sola,solea,solfa,sollar,sula,sulla,tala,tela,tola,toll,tolls,tolly,tula,ula,ull,ulla,ulna,ulta,ulua,ulva,upla,vela,vila,villa,voila,volga,volta,volva,walla,wolly,xyla,yalla,zila,zoll,zolle
2,2,2,2,2,2,2,2,2,2,2,2,2,2,2,2,2,2,2,2,2,2,2,2,2,2,2,2,2,2,2,2,2,2,2,2,2,1,2,2,2,2,2,2,2,2,2,2,2,2,2,2,2,2,2,2,2,2,2,2,2,2,2,2,2,2,2,2,2,2,2,2,2,2,2,2,2,2,2,2,2,2,2,2,2,2,1,2,2,2,2,2,2,2,2,2,2,2,2,2,2,2,2,2,2,2,2,2,2,2,2,2,2,2,2,2,2,2,2,2,2,2,2,2,2,2,2,2,1,2,2,2,2,2,2,2,2,2,2,2,2,2,2,2,2,2,2,2,2,2,2,2,2,2,2,2,1,2,2,2,2,2,1,2,2,2,2,2,2,0,2,1,1,2,2,2,2,2,2,2,2,2,2,2,2,2,2,2,2,2,2,2,2,2,2,2,2,2,2,2,2,2,2,2,2,2,2,2,2,2,2,2,2,2,2,2,2,2,2,2,2,2,2,2,2,2,2,2,2,2,2,2,2,2,2,2,1,2,2,2,2,2,2,2,2,2,2,2,2,2,2,2,2,2,2,2
rubaboos,0
rubaboos
0
chlorochrous,1
chlorochrous
0
venerational,0
venerational
0
psychorealist,2
psychorealism,psychorealist,psychorealistic
1,0,2
nonarcking,1
nonarching,nonarcing,nonarcking
1,1,0
desertfully,0
desertfully
0
parate,1
carate,karate,pacate,palate,parade,parage,parale,parate,parte,pirate,prate
1,1,1,1,1,1,1,0,1,1,1
nankins,1
nandins,nankin,nanking,nankins,napkins
1,1,1,0,1
thruster,0
thruster
0
forworden,1
forwoden,forworden
1,0
haematozoic,2
haematologic,haematozoa,haematozoal,haematozoic,haematozoon,hematozoic
2,2,2,0,2,1
encephalomas,2
encephalola,encephaloma,encephalomas,encephalomata,encephalos,encephalosis,encephalous
2,1,0,2,2,2,2
dottels,0
dottels
0
vegetarianism,1
vegetarianism,vegeterianism
0,1
phylloid,2
chyloid,hyaloid,hyloid,phalloid,pholcoid,phyllin,phyllis,phyllode,phyllodia,phyllody,phylloid,phylloidal,phylloids,phyllome,phyllomic,phyllopod,phyllous,phytoid,psalloid,psyllid,thalloid
2,2,2,1,2,2,2,2,2,2,0,2,1,2,2,2,2,2,2,2,2
megohmit,1
megohmit,megomit
0,1
nonimposition,1
nonimposition
0
seletar,1
seletar
0
mesquin,0
mesquin
0
marshalment,0
marshalment
0
crusted,0
crusted
0
conspiratory,0
conspiratory
0
platycnemic,1
platycnemia,platycnemic
1,0
gastrohelcosis,0
gastrohelcosis
0
skijoring,1
skijoring,skioring
0,1
unvacuousness,0
unvacuousness
0
posthole,0
posthole
0
cowle,0
cowle
0
trickster,1
tricksier,trickster,tricksters,truckster
1,0,1,1
parhomologous,0
parhomologous
0
devising,2
advising,daising,deairing,debasing,debiting,debusing,deciding,defiling,defining,defusing,dehiscing,deicing,deisin,deliming,delisting,demiking,demisang,demising,deposing,deriding,deriving,desiring,desisting,despising,deveining,develing,devesting,deviating,deviling,devilling,devising,devisings,devoicing,devoting,dividing,divining,eviting,levining,peising,prevising,remising,rerising,reviling,revising,reviving,seising,vising
2,2,2,2,2,2,2,2,2,2,2,2,2,2,2,2,2,1,2,2,2,2,2,2,2,2,2,2,1,2,0,1,2,2,2,2,2,2,2,2,2,2,2,1,2,2,2
psycheometry,1
psycheometry,psychometry,psychrometry
0,1,1
inhesion,1
inhesion,inhesions
0,1
misappreciate,1
disappreciate,misappreciate
1,0
smithers,1
mithers,slithers,smiters,smither,smithers,smithery,smothers,swithers
1,1,1,1,0,1,1,1
sweatboxes,1
sweatboxes
0
pyrolyze,1
pyrolyse,pyrolyze,pyrolyzed,pyrolyzer,pyrolyzes
1,0,1,1,1
overswinging,0
overswinging
0
dianilid,2
anilid,dianilid,dianilide
2,0,1
colorcasts,2
colorants,colorcast,colorcasted,colorcaster,colorcasts,colorfast,colorists
2,1,2,2,0,2,2
postexistency,2
postexistence,postexistency,postexistent
1,0,2
perigonia,2
perigon,perigonal,perigone,perigonia,perigonial,perigonium,perigonnia,perigons,perigynial,peritonea
2,2,2,0,1,2,1,2,2,2
raploch,1
raploch,roploch
0,1
septan,2
captan,heptad,heptal,heptane,lepta,lepton,nepman,replan,reptant,retan,sapan,satan,seaman,seatang,seawan,sedan,sefton,semian,sepad,sepal,sepawn,sephen,sepia,sepiae,sepian,sepias,sepion,sepn,seppa,sepsin,sept,septa,septal,septan,septane,septate,septave,septet,septic,septs,septum,serran,serta,sesban,seston,seta,setae,setal,seton,sewan,sextain,sextan,sextans,sextant,sextar,sexton,shatan,sheitan,span,spean,sultan,suntan,syntan,teetan,wepman
2,2,2,2,2,2,2,2,2,2,2,2,2,2,2,2,2,2,2,2,2,2,2,2,1,2,2,2,2,2,2,1,1,0,1,2,2,2,2,2,2,2,2,2,2,2,2,2,2,2,2,1,2,2,2,2,2,2,2,2,2,2,2,2,2
questrist,2
querist,questrist
2,0
throddy,0
throddy
0
bizarre,0
bizarre
0
unpotting,2
inputting,knotting,potting,spotting,unbitting,unbolting,unbottling,unclotting,undoting,unfitting,unhatting,unknotting,unnoting,unpanting,unpasting,unpitying,unplotting,unpointing,unposing,unpotting,unpouting,unprating,unrooting,unrotating,unsetting,unsitting,unsorting,unsporting,unvoting,unwitting,unwotting
2,2,2,2,2,2,2,2,2,2,2,2,2,2,2,2,1,2,2,0,1,2,2,2,2,2,2,2,2,2,1
cushions,2
cessions,cullions,cushing,cushion,cushioned,cushionet,cushions,cushiony,fashions,fusions,hushion
2,2,2,1,2,2,0,1,2,2,2
ancien,1
ancien,anciens,ancient
0,1,1
drains,1
brains,drails,drain,draine,drains,grains,rains,trains
1,1,1,1,0,1,1,1
geochemist,0
geochemist
0
loggias,0
loggias
0
thindown,0
thindown
0
parisonic,0
parisonic
0
hognut,1
hognut,hognuts
0,1
survivals,0
survivals
0
vividialysis,0
vividialysis
0
nyctitropism,1
nyctitropism
0
hysteroptosia,0
hysteroptosia
0
mispunctuate,0
mispunctuate
0
fudder,1
budder,dudder,fodder,fudder,fuddler,fuder,fudger,funder,judder,mudder,pudder,rudder,sudder,udder
1,1,1,0,1,1,1,1,1,1,1,1,1,1
proselytizer,1
proselytiser,proselytize,proselytized,proselytizer,proselytizers,proselytizes
1,1,1,0,1,1
blazed,1
bladed,blamed,blared,blawed,blaze,blazed,blazer,blazes,brazed,glazed,lazed
1,1,1,1,1,0,1,1,1,1,1
specificly,0
specificly
0
outshined,2
outchided,outgained,outhired,outlined,outsailed,outshamed,outshaped,outshine,outshined,outshiner,outshines,outshone,outshoved,outshowed,outsided,outsinned,outsized,outsmiled,outspied,outspinned,unshined
2,2,2,2,2,2,2,1,0,1,1,2,2,2,2,2,2,2,2,2,2
oxamidin,0
oxamidin
0
plebiscitum,0
plebiscitum
0
unwithstanding,2
unwithstanding,withstanding
0,2
musico,1
music,musica,musico,musics
1,1,0,1
hogged,0
hogged
0
mian,0
mian
0
unexuded,1
uneluded,unexuded
1,0
own,0
own
0
kinnikinnick,0
kinnikinnick
0
spyglasses,1
spyglasses
0
sulphamide,0
sulphamide
0
isoemodin,1
isoemodin
0
dart,2
abt,act,adapt,adar,adat,aet,aft,agt,airt,ait,alt,amt,ant,apart,apt,ar,ara,arb,arc,are,aret,arf,arg,ark,arm,arn,arr,ars,art,arte,arts,arty,aru,arx,ary,ast,at,att,bact,baft,baht,bait,bant,bapt,bar,bara,barat,barb,bard,bare,baret,barf,bari,barit,bark,barm,barn,barr,bars,bart,barth,baru,bast,bat,batt,birt,blart,boart,bort,burt,cant,car,carat,card,care,caret,carf,cark,carl,carn,carot,carp,carr,cars,cart,carte,carts,carty,cast,cat,cert,chart,clart,coart,cort,curt,d'art,da,dab,dabb,dabs,dace,dad,dada,dade,dado,dads,dae,daer,daff,daft,dag,dago,dags,dah,dahs,dain,daint,daira,dairi,dairt,dairy,dais,dak,daks,dal,dale,dalf,dali,dalk,dalt,dam,dama,dame,damn,damp,dams,dan,dana,dand,dane,dang,dank,danta,dante,dao,dap,daps,dar,darac,daraf,darat,darb,darbs,darby,darcy,dard,dare,dared,darer,dares,darg,dari,daric,darii,dark,darks,darky,darn,darns,daroo,darr,darst,dart,darted,darter,dartle,dartos,dartre,darts,darya,das,dase,dash,dasht,dasi,dasnt,dat,data,date,dato,datto,dau,daub,daud,dauk,dault,daun,daunt,daut,dauts,dauw,dave,davit,davy,daw,dawe,dawk,dawn,daws,dawt,dawts,dawut,day,days,daze,dazy,dbrn,ddt,dealt,dear,deare,dearn,dears,dearth,deary,debt,decart,deft,dent,depart,dept,der,derat,dere,derf,derk,derm,dern,dero,derth,derv,det,dft,diact,diary,dict,diet,dint,dipt,dir,dird,dire,dirk,dirl,dirt,dirts,dirty,dist,dit,ditt,dlr,doat,doit,dolt,dont,dor,dora,dorm,dorn,dorp,dorr,dors,dort,dorts,dorty,dory,dost,dot,dout,dpt,dr,draft,drant,drat,dry,dsr,dsri,dt,duant,duct,duet,duit,dult,dunt,dur,dura,dure,duret,durn,duro,durr,durst,dust,dwarf,dwt,ear,earl,earn,ears,earth,east,eat,ecart,fact,fait,fant,far,fard,fare,farl,farm,faro,fart,farth,farts,fast,fat,faut,fort,frt,gaet,gait,galt,gant,gar,gara,garb,gard,gare,garg,garn,gars,garth,gary,gast,gat,gaut,girt,gurt,haet,haft,hait,halt,hant,hard,hare,hark,harl,harm,harn,harp,harr,harst,hart,harts,hast,hat,hatt,haut,heart,hert,hort,hurt,iare,idant,indart,jant,jar,jara,jarg,jark,jarl,jarp,jars,jat,jert,kant,karat,karn,karo,karst,kart,karts,kat,laet,laft,lait,lant,lar,lard,lare,lari,lark,larn,lars,last,lat,lyart,maat,malt,mant,mar,mara,marc,mare,marg,mark,marl,marm,maro,mars,mart,marts,maru,marx,mary,mast,mat,matt,maut,mort,myrt,nant,nar,narc,nard,nare,nark,narr,narw,nary,nast,nat,naut,nawt,oar,oars,oary,oast,oat,ort,pact,pairt,palt,pant,par,para,parc,pard,pare,pari,park,parl,parr,pars,part,parte,parti,parto,parts,party,past,pat,patt,paut,payt,peart,pert,port,qat,quart,raft,rant,rapt,rara,rare,rat,redart,rort,rt,saft,salt,sant,sar,sard,sare,sari,sark,sart,sat,saut,sawt,scart,sert,skart,slart,smart,sort,spart,sqrt,start,swart,syrt,tact,taft,tait,takt,tar,tara,tare,tari,tarn,taro,tarot,tarp,tarr,tars,tart,tarte,tarts,tat,taut,teart,tort,trt,tuart,updart,var,vara,vare,vari,vary,vast,vat,vert,waft,wait,walt,want,war,warb,ward,ware,warf,wark,warl,warm,warn,warnt,warp,wars,warst,wart,warth,warts,warty,wary,wast,wat,watt,wert,whart,wort,xat,yar,yarb,yard,yare,yark,yarl,yarm,yarn,yarr,yarth,yat,yurt,zant,zar,zarf,zarp,zat
2,2,2,2,2,2,2,2,2,2,2,2,2,2,2,2,2,2,2,2,2,2,2,2,2,2,2,2,1,2,2,2,2,2,2,2,2,2,2,2,2,2,2,2,2,2,2,2,2,2,2,2,2,2,2,2,2,2,2,1,2,2,2,2,2,2,2,2,2,2,2,2,2,2,2,2,2,2,2,2,2,2,2,2,1,2,2,2,2,2,2,2,2,2,2,2,1,2,2,2,2,2,2,2,2,2,2,2,2,2,1,2,2,2,2,2,2,2,2,2,1,2,2,2,2,2,2,2,2,2,1,2,2,2,2,2,2,2,2,2,2,2,2,2,2,2,2,2,1,2,2,1,1,2,2,2,1,1,2,2,2,1,1,2,2,1,2,2,1,2,2,1,1,0,2,2,2,2,2,1,2,2,2,2,2,2,2,1,2,2,2,2,2,2,2,2,2,2,2,1,2,2,2,2,2,2,2,2,2,2,1,2,2,2,2,2,2,2,2,2,2,2,2,2,2,2,2,2,2,2,2,2,2,2,2,2,2,2,2,2,2,2,2,2,2,2,2,2,2,2,2,2,2,2,2,1,2,2,2,2,2,2,2,2,2,2,2,2,2,2,2,2,2,1,2,2,2,2,2,2,2,2,2,2,2,2,2,2,2,2,2,2,2,2,2,2,2,2,2,2,2,2,2,2,2,2,2,2,2,2,2,2,2,2,2,2,2,2,2,2,2,2,2,1,2,2,2,2,2,2,2,2,2,2,2,2,2,2,2,2,2,2,2,2,2,2,2,2,2,2,2,2,2,2,2,2,2,2,2,2,2,2,2,2,1,2,2,2,2,2,2,2,2,2,2,2,2,2,2,2,2,2,2,2,2,2,2,2,2,2,2,2,1,2,2,2,2,2,2,2,2,2,2,2,2,2,2,2,2,2,2,2,2,2,2,2,2,2,2,2,2,2,1,2,2,2,2,2,2,2,2,2,2,2,2,2,2,2,2,2,2,2,2,2,2,2,2,2,2,2,2,2,2,2,2,2,2,2,2,2,2,2,2,2,2,2,1,2,2,2,2,2,2,2,2,2,2,2,2,2,2,2,2,2,2,2,2,2,2,2,2,2,2,2,2,2,2,2,2,1,2,2,2,2,2,2,2,2,2,2,2,2,2,2,2,2,2,2,2,2,2,2,2,2,2,2,2,2,1,2,2,2,2,2,2,2,2,2,2,2,2,2,2,2,2,2,2,2,2,2,2,2,2,2,2,2,2,2,2,2,2,2,2,1,2,2,2,2,2,2,2,2,2,2,2,2,2,2,2,2,2,2,2,2,2,2,2,2,2,2,2,2
cubalaya,0
cubalaya
0
idiomaticness,2
idiomaticalness,idiomaticness
2,0
betray,0
betray
0
legion's,2
lagoon's,legion,legion's,legioned,legioner,legionry,legions,lemon's,lesions,lesson's,lexicon's,lion's,logions,region's,regions
2,2,0,2,2,2,1,2,2,2,2,2,2,1,2
pulish,2
alish,bulkish,bullish,cuish,cultish,dudish,dullish,epulis,foulish,fullish,fumish,gaulish,gulash,gulist,gullish,idlish,illish,lish,mulish,mulism,nudish,oilish,opalish,outish,owlish,palis,palish,papish,parish,parlish,paulism,paulist,peltish,perish,pilis,pish,plash,pliss,plush,polis,polish,popish,prudish,pubis,publish,puckish,puggish,puist,pukish,pulas,pules,puli,pulik,puling,puliol,pulis,pulish,pulls,pulps,puls,pulse,punish,punkish,punyish,pupfish,puris,purism,purist,purplish,push,ralish,relish,rudish,salish,slish,soulish,tunish
2,2,2,2,2,2,2,2,2,2,2,2,2,2,2,2,2,2,1,2,2,2,2,2,2,2,1,2,2,2,2,2,2,2,2,2,2,2,2,2,1,2,2,2,1,2,2,2,1,2,2,2,2,2,2,1,0,2,2,2,2,1,2,2,2,2,2,2,2,2,2,2,2,2,2,2,2
deoxygenating,0
deoxygenating
0
desiringly,2
decidingly,defilingly,deridingly,deservingly,designingly,desiring,desiringly,despairingly,despisingly,retiringly
2,2,2,2,2,2,0,2,2,2
capitellum,2
capitella,capitellar,capitellum,capitulum,castellum,clitellum
2,2,0,2,2,2
defaulting,1
defaulting
0
earthmaking,1
earthmaking
0
recultivate,2
cultivate,decultivate,precultivate,precultivated,recaptivate,reclivate,recultivate,recultivated,uncultivate
2,1,1,2,2,2,0,1,2
exams,2
adams,bams,beams,blams,cams,chams,clams,crams,dams,drams,eam,ears,eats,edam,egads,elamp,elans,elaps,elms,ems,enam,enami,era's,eras,etas,evans,exact,exacts,exalt,exalts,exam,exam's,examen,examens,exams,exaun,excamb,execs,exes,exies,exits,exomis,expos,eyas,eyass,flams,foams,gams,grams,hams,hexads,imams,jams,lams,loams,ogams,oxims,pams,prams,rams,reams,roams,scams,seams,shams,slams,tams,teams,texans,texas,trams,whams,yams
2,2,2,2,2,2,2,2,2,2,2,2,2,2,2,2,2,2,2,2,2,2,2,2,2,2,2,2,2,2,1,1,2,2,0,2,2,2,2,2,2,2,2,2,2,2,2,2,2,2,2,2,2,2,2,2,2,2,2,2,2,2,2,2,2,2,2,2,2,2,2,2,2
cribella,2
cerebella,claribella,clitella,cribella,cribellum,criolla,rubella
2,2,2,0,2,2,2
mettar,1
mehtar,mettar
1,0
xylonite,1
mylonite,xylonite
1,0
decennially,2
decennial,decennially,decennials,perennially,sexennially
2,0,2,2,2
sparkish,0
sparkish
0
obeish,0
obeish
0
reutilizes,2
fertilizes,preutilize,preutilized,reutilise,reutilised,reutilize,reutilized,reutilizes,routinizes,utilizes
2,2,2,2,2,1,1,0,2,2
sherds,0
sherds
0
preenumerated,2
preenumerate,preenumerated,reenumerate,reenumerated,renumerated
1,0,2,1,2
commensurableness,0
commensurableness
0
typable,0
typable
0
heresiologer,0
heresiologer
0
pinnulet,2
annulet,piculet,pinnaclet,pinnet,pinnula,pinnulae,pinnular,pinnulate,pinnule,pinnules,pinnulet
2,2,2,2,2,2,2,2,1,1,0
manent,2
agent,ament,anend,anenst,anent,anet,arent,cadent,candent,emanant,emanent,eminent,enent,havent,immanent,jacent,janet,lament,latent,magenta,magnet,mahant,maint,manana,manbot,mandant,mandat,mandment,mane,mane's,maned,manege,maneh,manei,manent,manes,maness,manet,maney,manhunt,manini,manist,manit,manjeet,manlet,manna,mannet,manny,manrent,mant,margent,maven,mavens,mayest,maynt,meanest,ment,moment,monest,monont,movent,nonent,pament,parent,patent,ponent,rament,remanent,sanest,talent,tangent,tenent,valent
2,2,2,2,1,2,2,2,2,2,1,2,2,2,2,2,2,2,2,2,2,2,2,2,2,2,2,2,2,2,2,2,2,2,0,2,2,1,2,2,2,2,2,2,2,2,2,2,1,2,2,2,2,2,2,2,2,2,2,2,2,2,2,2,2,2,2,2,2,2,2,2,2
